medication_id,avg_daily_usage_7d,avg_daily_usage_30d,avg_daily_usage_90d,usage_variance_30d,usage_trend,days_since_last_dispense,total_quantity_on_hand,num_active_lots,days_to_nearest_expiry,restock_frequency_30d,day_of_week,month,form_tablet,form_capsule,form_oral_solution,form_inhaler,form_topical_gel,form_other,snapshot_date
1,8.571,7.4,8.578,21.145,0.08098,1,350,2,367,2,6,6,1,0,0,0,0,0,2025-06-08
2,10.571,8.933,9.078,30.202,0.12236,0,100,1,520,3,6,6,1,0,0,0,0,0,2025-06-08
3,3.429,2.8,3.433,3.752,0.05784,1,80,1,581,1,6,6,0,1,0,0,0,0,2025-06-08
4,4.286,3.9,3.667,4.369,0.00467,0,60,1,397,2,6,6,0,1,0,0,0,0,2025-06-08
5,4.0,3.733,3.967,4.271,0.02403,1,90,1,266,2,6,6,1,0,0,0,0,0,2025-06-08
6,0.143,0.567,0.578,0.53,-0.03181,1,40,1,275,0,6,6,0,0,1,0,0,0,2025-06-08
7,0.429,0.467,0.456,0.326,-0.00267,0,20,1,640,1,6,6,0,0,0,0,1,0,2025-06-08
8,4.0,3.167,3.667,4.42,0.002,0,70,1,428,1,6,6,1,0,0,0,0,0,2025-06-08
9,0.571,0.6,0.589,0.593,-0.00267,0,30,1,550,0,6,6,0,0,0,1,0,0,2025-06-08
10,2.429,3.0,3.5,3.931,-0.01023,0,55,1,489,1,6,6,1,0,0,0,0,0,2025-06-08
1,7.429,7.8,8.311,18.441,-0.07208,0,350,2,364,2,2,6,1,0,0,0,0,0,2025-06-11
2,9.0,8.9,8.889,29.472,-0.02603,0,100,1,517,3,2,6,1,0,0,0,0,0,2025-06-11
3,3.429,2.9,3.389,4.162,0.04605,0,80,1,578,1,2,6,0,1,0,0,0,0,2025-06-11
4,3.143,3.733,3.511,4.892,-0.06185,0,60,1,394,2,2,6,0,1,0,0,0,0,2025-06-11
5,3.429,3.567,3.911,4.53,-0.00645,0,90,1,263,1,2,6,1,0,0,0,0,0,2025-06-11
6,0.429,0.533,0.567,0.464,-0.01913,0,40,1,272,0,2,6,0,0,1,0,0,0,2025-06-11
7,0.571,0.533,0.489,0.326,0.00356,0,20,1,637,1,2,6,0,0,0,0,1,0,2025-06-11
8,3.429,3.0,3.611,4.621,0.02002,0,70,1,425,2,2,6,1,0,0,0,0,0,2025-06-11
9,0.143,0.6,0.589,0.593,-0.0267,3,30,1,547,0,2,6,0,0,0,1,0,0,2025-06-11
10,2.0,3.1,3.433,3.748,-0.04383,0,55,1,486,2,2,6,1,0,0,0,0,0,2025-06-11
1,5.0,7.4,8.356,18.317,-0.05473,0,350,2,361,1,5,6,1,0,0,0,0,0,2025-06-14
2,6.286,8.233,8.722,32.254,-0.10523,0,100,1,514,2,5,6,1,0,0,0,0,0,2025-06-14
3,2.714,3.0,3.311,4.345,0.04449,0,80,1,575,1,5,6,0,1,0,0,0,0,2025-06-14
4,3.286,3.7,3.522,4.631,0.02425,0,60,1,391,2,5,6,0,1,0,0,0,0,2025-06-14
5,1.429,3.233,3.844,4.806,-0.02425,1,90,1,260,1,5,6,1,0,0,0,0,0,2025-06-14
6,0.429,0.433,0.578,0.254,-0.00601,0,40,1,269,0,5,6,0,0,1,0,0,0,2025-06-14
7,1.143,0.6,0.533,0.386,0.02136,0,20,1,634,1,5,6,0,0,0,0,1,0,2025-06-14
8,3.0,2.9,3.578,4.3,0.06741,0,70,1,422,2,5,6,1,0,0,0,0,0,2025-06-14
9,0.143,0.467,0.578,0.533,-0.02136,6,30,1,544,0,5,6,0,0,0,1,0,0,2025-06-14
10,3.429,3.067,3.456,3.857,0.03737,0,55,1,483,2,5,6,1,0,0,0,0,0,2025-06-14
1,6.143,7.133,8.089,19.361,-0.08498,0,350,2,358,1,1,6,1,0,0,0,0,0,2025-06-17
2,4.0,8.033,8.489,32.585,-0.25295,0,100,1,511,2,1,6,1,0,0,0,0,0,2025-06-17
3,3.429,3.033,3.3,4.171,0.04027,0,80,1,572,1,1,6,0,1,0,0,0,0,2025-06-17
4,4.143,3.733,3.478,4.754,0.01824,0,60,1,388,2,1,6,0,1,0,0,0,0,2025-06-17
5,2.143,3.333,3.767,4.575,-0.05473,0,90,1,257,1,1,6,1,0,0,0,0,0,2025-06-17
6,0.571,0.467,0.578,0.257,-0.00311,0,40,1,266,0,1,6,0,0,1,0,0,0,2025-06-17
7,0.857,0.6,0.533,0.386,0.00979,2,20,1,631,1,1,6,0,0,0,0,1,0,2025-06-17
8,3.714,3.033,3.556,4.861,0.07319,0,70,1,419,1,1,6,1,0,0,0,0,0,2025-06-17
9,0.143,0.433,0.578,0.53,-0.01935,0,30,1,541,0,1,6,0,0,0,1,0,0,2025-06-17
10,3.714,3.1,3.389,3.541,0.002,0,55,1,480,2,1,6,1,0,0,0,0,0,2025-06-17
1,7.286,7.433,8.156,21.22,0.01535,0,350,2,355,1,4,6,1,0,0,0,0,0,2025-06-20
2,4.857,7.767,8.344,31.564,-0.25206,0,100,1,508,2,4,6,1,0,0,0,0,0,2025-06-20
3,4.714,3.433,3.322,5.013,0.07186,0,80,1,569,1,4,6,0,1,0,0,0,0,2025-06-20
4,4.0,3.733,3.433,4.133,0.00178,0,60,1,385,2,4,6,0,1,0,0,0,0,2025-06-20
5,2.571,3.3,3.678,4.631,-0.06385,1,90,1,254,1,4,6,1,0,0,0,0,0,2025-06-20
6,0.429,0.433,0.556,0.254,-0.01402,3,40,1,263,0,4,6,0,0,1,0,0,0,2025-06-20
7,0.857,0.633,0.544,0.447,0.01802,1,20,1,628,1,4,6,0,0,0,0,1,0,2025-06-20
8,3.714,3.267,3.511,4.478,0.05962,0,70,1,416,1,4,6,1,0,0,0,0,0,2025-06-20
9,0.286,0.367,0.589,0.309,-0.00957,0,30,1,538,1,4,6,0,0,0,1,0,0,2025-06-20
10,3.286,3.2,3.433,3.821,0.02937,0,55,1,477,2,4,6,1,0,0,0,0,0,2025-06-20
1,9.857,7.567,8.2,21.082,0.0238,0,350,2,352,2,0,6,1,0,0,0,0,0,2025-06-23
2,4.143,6.8,8.178,32.028,-0.29544,2,100,1,505,2,0,6,1,0,0,0,0,0,2025-06-23
3,3.857,3.4,3.289,5.352,-0.00756,2,80,1,566,1,0,6,0,1,0,0,0,0,2025-06-23
4,3.143,3.5,3.356,4.534,-0.01624,0,60,1,382,2,0,6,0,1,0,0,0,0,2025-06-23
5,3.286,3.233,3.7,4.116,-0.0505,0,90,1,251,1,0,6,1,0,0,0,0,0,2025-06-23
6,0.143,0.367,0.533,0.24,-0.01624,6,40,1,260,0,0,6,0,0,1,0,0,0,2025-06-23
7,0.571,0.633,0.522,0.447,0.00512,2,20,1,625,1,0,6,0,0,0,0,1,0,2025-06-23
8,3.286,3.2,3.422,4.579,-0.00311,0,70,1,413,1,0,6,1,0,0,0,0,0,2025-06-23
9,0.571,0.4,0.589,0.386,-0.00534,1,30,1,535,1,0,6,0,0,0,1,0,0,2025-06-23
10,3.143,3.067,3.356,4.064,0.01023,0,55,1,474,1,0,6,1,0,0,0,0,0,2025-06-23
1,10.714,8.333,8.178,21.54,0.07253,0,350,2,349,2,3,6,1,0,0,0,0,0,2025-06-26
2,7.143,6.8,8.256,32.028,-0.06763,0,100,1,502,2,3,6,1,0,0,0,0,0,2025-06-26
3,2.714,3.367,3.289,5.689,-0.02914,0,80,1,563,1,3,6,0,1,0,0,0,0,2025-06-26
4,1.857,3.467,3.244,4.326,-0.0832,0,60,1,379,2,3,6,0,1,0,0,0,0,2025-06-26
5,3.429,3.3,3.7,5.39,-0.01179,1,90,1,248,1,3,6,1,0,0,0,0,0,2025-06-26
6,0.286,0.333,0.511,0.23,0.00267,1,40,1,257,0,3,6,0,0,1,0,0,0,2025-06-26
7,0.286,0.6,0.511,0.455,0.00044,0,20,1,622,1,3,6,0,0,0,0,1,0,2025-06-26
8,3.429,3.633,3.489,4.792,0.00111,0,70,1,410,1,3,6,1,0,0,0,0,0,2025-06-26
9,0.857,0.467,0.622,0.464,0.00489,0,30,1,532,1,3,6,0,0,0,1,0,0,2025-06-26
10,3.286,3.4,3.378,3.766,-0.0129,0,55,1,471,2,3,6,1,0,0,0,0,0,2025-06-26
1,11.286,8.333,8.256,24.575,0.14683,0,350,2,346,2,6,6,1,0,0,0,0,0,2025-06-29
2,7.571,6.8,8.189,35.89,-0.1366,1,100,1,499,2,6,6,1,0,0,0,0,0,2025-06-29
3,2.571,3.267,3.222,5.168,-0.00756,0,80,1,560,1,6,6,0,1,0,0,0,0,2025-06-29
4,1.429,3.133,3.211,4.464,-0.09299,1,60,1,376,1,6,6,0,1,0,0,0,0,2025-06-29
5,3.714,3.233,3.689,5.564,-0.01268,0,90,1,245,1,6,6,1,0,0,0,0,0,2025-06-29
6,0.714,0.4,0.5,0.317,0.01424,1,40,1,254,0,6,6,0,0,1,0,0,0,2025-06-29
7,0.429,0.6,0.522,0.386,0.00356,1,20,1,619,0,6,6,0,0,0,0,1,0,2025-06-29
8,3.714,3.433,3.5,4.185,-0.00868,1,70,1,407,1,6,6,1,0,0,0,0,0,2025-06-29
9,1.0,0.533,0.667,0.602,0.02447,1,30,1,529,1,6,6,0,0,0,1,0,0,2025-06-29
10,3.714,3.3,3.378,3.39,-0.00734,0,55,1,468,2,6,6,1,0,0,0,0,0,2025-06-29
1,12.0,9.033,8.322,25.757,0.20356,0,350,2,343,1,2,7,1,0,0,0,0,0,2025-07-02
2,8.429,6.867,8.222,34.051,0.02358,0,100,1,496,2,2,7,1,0,0,0,0,0,2025-07-02
3,3.286,3.367,3.189,4.999,-0.01135,0,80,1,557,2,2,7,0,1,0,0,0,0,2025-07-02
4,2.429,3.167,3.178,5.247,-0.08832,0,60,1,373,1,2,7,0,1,0,0,0,0,2025-07-02
5,2.714,3.267,3.633,5.72,-0.01201,0,90,1,242,1,2,7,1,0,0,0,0,0,2025-07-02
6,0.714,0.433,0.522,0.323,0.01758,1,40,1,251,0,2,7,0,0,1,0,0,0,2025-07-02
7,0.857,0.667,0.544,0.437,0.00489,0,20,1,616,1,2,7,0,0,0,0,1,0,2025-07-02
8,3.143,3.367,3.511,3.826,-0.01179,0,70,1,404,2,2,7,1,0,0,0,0,0,2025-07-02
9,1.429,0.633,0.7,0.654,0.03448,0,30,1,526,1,2,7,0,0,0,1,0,0,2025-07-02
10,2.857,3.1,3.233,3.197,0.002,0,55,1,465,2,2,7,1,0,0,0,0,0,2025-07-02
1,9.714,8.667,8.311,24.161,0.24783,0,350,2,340,1,5,7,1,0,0,0,0,0,2025-07-05
2,7.0,6.433,8.156,30.116,0.05406,0,100,1,493,1,5,7,1,0,0,0,0,0,2025-07-05
3,3.714,3.233,3.111,4.668,0.01402,0,80,1,554,2,5,7,0,1,0,0,0,0,2025-07-05
4,2.714,2.967,3.156,5.068,-0.05139,0,60,1,370,1,5,7,0,1,0,0,0,0,2025-07-05
5,4.571,3.4,3.711,6.317,0.08053,0,90,1,239,1,5,7,1,0,0,0,0,0,2025-07-05
6,0.286,0.433,0.511,0.323,0.00022,4,40,1,248,0,5,7,0,0,1,0,0,0,2025-07-05
7,0.714,0.7,0.544,0.424,-0.002,0,20,1,613,1,5,7,0,0,0,0,1,0,2025-07-05
8,3.714,3.567,3.556,5.357,0.03226,0,70,1,401,2,5,7,1,0,0,0,0,0,2025-07-05
9,1.0,0.633,0.678,0.654,0.0505,0,30,1,523,1,5,7,0,0,0,1,0,0,2025-07-05
10,2.143,2.933,3.2,3.237,0.00712,0,55,1,462,2,5,7,1,0,0,0,0,0,2025-07-05
1,6.857,8.433,8.189,25.84,0.07141,1,350,2,337,2,1,7,1,0,0,0,0,0,2025-07-08
2,7.0,5.833,8.122,25.937,0.11279,0,100,1,490,2,1,7,1,0,0,0,0,0,2025-07-08
3,3.429,3.3,3.056,4.355,0.00601,0,80,1,551,1,1,7,0,1,0,0,0,0,2025-07-08
4,2.857,2.667,3.056,5.126,-0.04761,0,60,1,367,2,1,7,0,1,0,0,0,0,2025-07-08
5,5.143,3.367,3.667,6.309,0.10256,0,90,1,236,1,1,7,1,0,0,0,0,0,2025-07-08
6,0.571,0.533,0.544,0.464,0.01335,1,40,1,245,0,1,7,0,0,1,0,0,0,2025-07-08
7,1.286,0.833,0.589,0.626,0.00779,0,20,1,610,1,1,7,0,0,0,0,1,0,2025-07-08
8,4.0,3.467,3.5,5.775,0.0218,0,70,1,398,2,1,7,1,0,0,0,0,0,2025-07-08
9,0.714,0.633,0.633,0.654,0.03849,0,30,1,520,1,1,7,0,0,0,1,0,0,2025-07-08
10,3.286,3.233,3.189,2.944,-0.0158,0,55,1,459,2,1,7,1,0,0,0,0,0,2025-07-08
1,6.143,8.467,8.011,24.809,-0.03471,0,350,2,334,2,4,7,1,0,0,0,0,0,2025-07-11
2,7.429,6.5,8.133,30.534,0.19733,0,100,1,487,2,4,7,1,0,0,0,0,0,2025-07-11
3,4.429,3.633,3.167,5.068,0.05184,0,80,1,548,1,4,7,0,1,0,0,0,0,2025-07-11
4,2.714,2.933,3.078,5.099,-0.05339,0,60,1,364,2,4,7,0,1,0,0,0,0,2025-07-11
5,4.143,3.567,3.589,6.116,0.08476,0,90,1,233,1,4,7,1,0,0,0,0,0,2025-07-11
6,0.857,0.533,0.544,0.464,0.01824,0,40,1,242,0,4,7,0,0,1,0,0,0,2025-07-11
7,1.429,0.867,0.611,0.74,0.01958,1,20,1,607,1,4,7,0,0,0,0,1,0,2025-07-11
8,3.714,3.767,3.489,6.944,0.04561,0,70,1,395,1,4,7,1,0,0,0,0,0,2025-07-11
9,0.429,0.633,0.611,0.654,0.01313,3,30,1,517,1,4,7,0,0,0,1,0,0,2025-07-11
10,4.0,3.467,3.256,3.085,0.00267,0,55,1,456,1,4,7,1,0,0,0,0,0,2025-07-11
1,3.571,8.1,7.844,27.128,-0.19822,0,350,2,331,2,0,7,1,0,0,0,0,0,2025-07-14
2,8.857,6.933,8.156,31.582,0.14461,0,100,1,484,2,0,7,1,0,0,0,0,0,2025-07-14
3,5.143,3.7,3.211,4.631,0.04961,0,80,1,545,1,0,7,0,1,0,0,0,0,2025-07-14
4,3.286,2.6,3.044,3.903,-0.00534,0,60,1,361,1,0,7,0,1,0,0,0,0,2025-07-14
5,4.714,3.867,3.622,5.43,0.05028,0,90,1,230,1,0,7,1,0,0,0,0,0,2025-07-14
6,0.857,0.633,0.578,0.516,0.02736,0,40,1,239,1,0,7,0,0,1,0,0,0,2025-07-14
7,1.143,0.8,0.622,0.786,0.0267,0,20,1,604,1,0,7,0,0,0,0,1,0,2025-07-14
8,4.143,3.6,3.456,7.421,0.01112,0,70,1,392,1,0,7,1,0,0,0,0,0,2025-07-14
9,0.143,0.633,0.6,0.654,-0.01224,6,30,1,514,1,0,7,0,0,0,1,0,0,2025-07-14
10,4.429,3.333,3.256,2.644,0.04093,0,55,1,453,2,0,7,1,0,0,0,0,0,2025-07-14
1,4.857,8.3,7.778,25.114,-0.2921,0,350,2,328,2,3,7,1,0,0,0,0,0,2025-07-17
2,10.0,7.9,8.289,32.576,0.17553,0,100,1,481,3,3,7,1,0,0,0,0,0,2025-07-17
3,3.571,3.667,3.2,4.575,0.01513,0,80,1,542,1,3,7,0,1,0,0,0,0,2025-07-17
4,3.0,2.6,3.022,3.903,0.03648,0,60,1,358,1,3,7,0,1,0,0,0,0,2025-07-17
5,4.429,3.967,3.611,5.206,0.03404,0,90,1,227,1,3,7,1,0,0,0,0,0,2025-07-17
6,1.143,0.667,0.578,0.575,0.03471,0,40,1,236,1,3,7,0,0,1,0,0,0,2025-07-17
7,0.857,0.9,0.633,0.921,0.02736,0,20,1,601,1,3,7,0,0,0,0,1,0,2025-07-17
8,3.857,3.633,3.467,7.068,0.01846,0,70,1,389,1,3,7,1,0,0,0,0,0,2025-07-17
9,0.286,0.667,0.622,0.644,-0.01824,0,30,1,511,1,3,7,0,0,0,1,0,0,2025-07-17
10,4.429,3.6,3.311,2.938,0.0485,0,55,1,450,2,3,7,1,0,0,0,0,0,2025-07-17
1,5.714,7.7,7.767,26.424,-0.27519,0,350,2,325,2,6,7,1,0,0,0,0,0,2025-07-20
2,9.143,7.933,8.367,33.651,0.13126,0,100,1,478,3,6,7,1,0,0,0,0,0,2025-07-20
3,2.429,3.267,3.211,3.857,0.03471,0,80,1,539,1,6,7,0,1,0,0,0,0,2025-07-20
4,3.857,2.7,3.111,4.631,0.08254,0,60,1,355,1,6,7,0,1,0,0,0,0,2025-07-20
5,4.0,4.067,3.667,5.237,0.0129,0,90,1,224,1,6,7,1,0,0,0,0,0,2025-07-20
6,0.571,0.667,0.556,0.575,0.00801,3,40,1,233,1,6,7,0,0,1,0,0,0,2025-07-20
7,1.0,0.833,0.611,0.902,0.01935,2,20,1,598,2,6,7,0,0,0,0,1,0,2025-07-20
8,2.857,3.467,3.467,7.568,0.00578,0,70,1,386,1,6,7,1,0,0,0,0,0,2025-07-20
9,0.571,0.7,0.611,0.7,-0.02692,2,30,1,508,0,6,7,0,0,0,1,0,0,2025-07-20
10,4.429,3.6,3.322,2.938,0.07697,0,55,1,447,2,6,7,1,0,0,0,0,0,2025-07-20
1,6.143,7.533,7.678,28.464,-0.27853,0,350,2,322,1,2,7,1,0,0,0,0,0,2025-07-23
2,8.0,8.5,8.211,29.431,-0.02825,0,100,1,475,3,2,7,1,0,0,0,0,0,2025-07-23
3,3.143,3.533,3.222,3.361,0.00623,0,80,1,536,2,2,7,0,1,0,0,0,0,2025-07-23
4,3.429,2.767,3.133,4.53,0.07052,0,60,1,352,1,2,7,0,1,0,0,0,0,2025-07-23
5,4.0,4.133,3.656,5.43,-0.00311,0,90,1,221,1,2,7,1,0,0,0,0,0,2025-07-23
6,0.429,0.7,0.567,0.562,-0.01313,2,40,1,230,1,2,7,0,0,1,0,0,0,2025-07-23
7,1.0,0.9,0.644,0.921,0.01268,0,20,1,595,2,2,7,0,0,0,0,1,0,2025-07-23
8,3.429,3.733,3.433,7.237,-0.0307,0,70,1,383,2,2,7,1,0,0,0,0,0,2025-07-23
9,0.571,0.667,0.6,0.644,-0.03471,2,30,1,505,0,2,7,0,0,0,1,0,0,2025-07-23
10,3.286,3.533,3.289,2.947,0.00044,0,55,1,444,2,2,7,1,0,0,0,0,0,2025-07-23
1,8.0,7.3,7.789,28.079,-0.10523,0,350,2,319,1,5,7,1,0,0,0,0,0,2025-07-26
2,7.429,8.133,8.244,29.568,0.07386,0,100,1,472,2,5,7,1,0,0,0,0,0,2025-07-26
3,2.857,3.5,3.222,3.155,-0.03448,0,80,1,533,2,5,7,0,1,0,0,0,0,2025-07-26
4,2.286,2.833,3.178,4.42,0.03671,0,60,1,349,1,5,7,0,1,0,0,0,0,2025-07-26
5,3.571,4.067,3.656,4.685,0.01201,0,90,1,218,2,5,7,1,0,0,0,0,0,2025-07-26
6,0.429,0.7,0.589,0.562,-0.01357,0,40,1,227,1,5,7,0,0,1,0,0,0,2025-07-26
7,0.571,0.9,0.644,0.921,-0.0109,2,20,1,592,2,5,7,0,0,0,0,1,0,2025-07-26
8,4.143,3.567,3.478,6.875,0.01713,0,70,1,380,2,5,7,1,0,0,0,0,0,2025-07-26
9,0.429,0.633,0.611,0.654,-0.02781,1,30,1,502,0,5,7,0,0,0,1,0,0,2025-07-26
10,2.429,3.433,3.222,2.737,0.01357,0,55,1,441,1,5,7,1,0,0,0,0,0,2025-07-26
1,8.286,6.733,7.644,26.202,-0.07742,0,350,2,316,1,1,7,1,0,0,0,0,0,2025-07-29
2,6.714,8.1,7.967,25.748,-0.05451,0,100,1,469,2,1,7,1,0,0,0,0,0,2025-07-29
3,2.429,3.433,3.167,3.702,-0.05139,0,80,1,530,2,1,7,0,1,0,0,0,0,2025-07-29
4,2.857,2.967,3.133,3.964,0.00022,0,60,1,346,2,1,7,0,1,0,0,0,0,2025-07-29
5,3.286,4.0,3.578,4.414,-0.04004,0,90,1,215,2,1,7,1,0,0,0,0,0,2025-07-29
6,0.571,0.667,0.589,0.506,-0.00623,0,40,1,224,1,1,7,0,0,1,0,0,0,2025-07-29
7,0.571,0.867,0.644,0.947,-0.02581,1,20,1,589,2,1,7,0,0,0,0,1,0,2025-07-29
8,4.143,3.7,3.522,6.562,-0.00823,0,70,1,377,2,1,7,1,0,0,0,0,0,2025-07-29
9,0.571,0.567,0.611,0.53,-0.0109,0,30,1,499,0,1,7,0,0,0,1,0,0,2025-07-29
10,3.571,3.567,3.244,2.944,0.02336,0,55,1,438,2,1,7,1,0,0,0,0,0,2025-07-29
1,8.571,6.733,7.711,26.34,0.19933,0,350,2,313,2,4,8,1,0,0,0,0,0,2025-08-01
2,7.143,8.1,7.889,25.128,0.05495,0,100,1,466,3,4,8,1,0,0,0,0,0,2025-08-01
3,3.714,3.567,3.167,3.84,-0.01935,0,80,1,527,1,4,8,0,1,0,0,0,0,2025-08-01
4,3.429,3.133,3.222,3.706,0.04316,0,60,1,343,2,4,8,0,1,0,0,0,0,2025-08-01
5,5.143,4.4,3.678,5.007,0.004,0,90,1,212,2,4,8,1,0,0,0,0,0,2025-08-01
6,0.571,0.633,0.589,0.516,-0.01135,0,40,1,221,1,4,8,0,0,1,0,0,0,2025-08-01
7,0.571,0.867,0.678,0.947,-0.02136,1,20,1,586,1,4,8,0,0,0,0,1,0,2025-08-01
8,4.429,3.9,3.5,6.783,-0.002,0,70,1,374,1,4,8,1,0,0,0,0,0,2025-08-01
9,0.714,0.533,0.633,0.533,0.01335,0,30,1,496,0,4,8,0,0,0,1,0,0,2025-08-01
10,3.857,3.7,3.278,2.769,-0.002,0,55,1,435,2,4,8,1,0,0,0,0,0,2025-08-01
1,10.714,6.733,7.744,25.513,0.24116,0,350,2,310,2,0,8,1,0,0,0,0,0,2025-08-04
2,8.286,8.167,7.856,27.454,-0.04605,0,100,1,463,3,0,8,1,0,0,0,0,0,2025-08-04
3,4.714,3.633,3.233,3.964,-0.01624,0,80,1,524,1,0,8,0,1,0,0,0,0,2025-08-04
4,4.0,3.167,3.278,3.868,0.04605,0,60,1,340,2,0,8,0,1,0,0,0,0,2025-08-04
5,5.571,4.2,3.756,5.545,0.04227,1,90,1,209,1,0,8,1,0,0,0,0,0,2025-08-04
6,0.286,0.633,0.567,0.516,-0.03671,3,40,1,218,1,0,8,0,0,1,0,0,0,2025-08-04
7,0.714,0.867,0.689,0.947,-0.02981,1,20,1,583,1,0,8,0,0,0,0,1,0,2025-08-04
8,3.714,3.633,3.456,5.413,0.02291,0,70,1,371,1,0,8,1,0,0,0,0,0,2025-08-04
9,1.0,0.533,0.644,0.533,0.03204,0,30,1,493,1,0,8,0,0,0,1,0,0,2025-08-04
10,4.143,3.833,3.322,2.42,-0.03137,0,55,1,432,2,0,8,1,0,0,0,0,0,2025-08-04
1,8.429,7.2,7.678,22.786,0.17842,0,350,2,307,1,3,8,1,0,0,0,0,0,2025-08-07
2,8.143,8.6,7.789,24.8,-0.10945,0,100,1,460,2,3,8,1,0,0,0,0,0,2025-08-07
3,4.571,3.833,3.311,4.351,0.00779,0,80,1,521,1,3,8,0,1,0,0,0,0,2025-08-07
4,3.571,3.333,3.3,3.195,0.00044,0,60,1,337,1,3,8,0,1,0,0,0,0,2025-08-07
5,5.714,4.467,3.856,4.809,0.0663,0,90,1,206,1,3,8,1,0,0,0,0,0,2025-08-07
6,0.429,0.567,0.556,0.392,-0.0198,0,40,1,215,1,3,8,0,0,1,0,0,0,2025-08-07
7,0.286,0.7,0.667,0.769,-0.0287,4,20,1,580,1,3,8,0,0,0,0,1,0,2025-08-07
8,3.857,3.867,3.5,5.016,0.02314,0,70,1,368,2,3,8,1,0,0,0,0,0,2025-08-07
9,0.571,0.5,0.578,0.534,0.01758,3,30,1,490,1,3,8,0,0,0,1,0,0,2025-08-07
10,4.571,3.933,3.389,2.547,-0.00756,0,55,1,429,2,3,8,1,0,0,0,0,0,2025-08-07
1,7.286,7.2,7.822,24.648,0.12636,1,350,2,304,1,6,8,1,0,0,0,0,0,2025-08-10
2,8.571,8.367,7.922,22.585,-0.03137,0,100,1,457,2,6,8,1,0,0,0,0,0,2025-08-10
3,5.286,3.767,3.433,3.771,0.09588,0,80,1,518,1,6,8,0,1,0,0,0,0,2025-08-10
4,3.429,3.233,3.3,3.357,0.00779,0,60,1,334,1,6,8,0,1,0,0,0,0,2025-08-10
5,5.0,4.6,3.911,5.007,0.06897,0,90,1,203,1,6,8,1,0,0,0,0,0,2025-08-10
6,0.429,0.533,0.533,0.395,-0.02225,2,40,1,212,1,6,8,0,0,1,0,0,0,2025-08-10
7,0.0,0.567,0.656,0.668,-0.02647,7,20,1,577,1,6,8,0,0,0,0,1,0,2025-08-10
8,3.857,3.633,3.467,3.757,0.04783,0,70,1,365,2,6,8,1,0,0,0,0,0,2025-08-10
9,0.571,0.567,0.6,0.53,0.00912,1,30,1,487,1,6,8,0,0,0,1,0,0,2025-08-10
10,3.714,3.667,3.411,2.851,-0.01513,1,55,1,426,2,6,8,1,0,0,0,0,0,2025-08-10
1,8.571,8.167,7.889,23.799,0.10656,0,350,2,301,1,2,8,1,0,0,0,0,0,2025-08-13
2,9.429,8.5,7.889,22.741,-0.02825,0,100,1,454,3,2,8,1,0,0,0,0,0,2025-08-13
3,4.857,3.733,3.478,4.271,0.10323,0,80,1,515,2,2,8,0,1,0,0,0,0,2025-08-13
4,3.286,3.367,3.222,3.275,-0.00512,0,60,1,331,2,2,8,0,1,0,0,0,0,2025-08-13
5,4.143,4.4,3.833,5.766,0.02403,0,90,1,200,2,2,8,1,0,0,0,0,0,2025-08-13
6,0.571,0.467,0.511,0.326,-0.00133,0,40,1,209,0,2,8,0,0,1,0,0,0,2025-08-13
7,0.143,0.533,0.644,0.602,-0.02892,0,20,1,574,1,2,8,0,0,0,0,1,0,2025-08-13
8,3.429,3.767,3.422,3.564,0.01046,0,70,1,362,2,2,8,1,0,0,0,0,0,2025-08-13
9,0.571,0.633,0.578,0.585,-0.00067,0,30,1,484,1,2,8,0,0,0,1,0,0,2025-08-13
10,3.714,3.8,3.4,3.821,0.0129,0,55,1,423,2,2,8,1,0,0,0,0,0,2025-08-13
1,9.286,8.433,7.956,24.875,0.10567,0,350,2,298,2,5,8,1,0,0,0,0,0,2025-08-16
2,10.143,8.467,8.133,26.947,0.14594,0,100,1,451,2,5,8,1,0,0,0,0,0,2025-08-16
3,4.143,3.9,3.533,4.369,0.09143,0,80,1,512,2,5,8,0,1,0,0,0,0,2025-08-16
4,3.0,3.3,3.211,3.459,-0.00601,0,60,1,328,2,5,8,0,1,0,0,0,0,2025-08-16
5,3.143,4.4,3.9,5.697,0.00756,0,90,1,197,2,5,8,1,0,0,0,0,0,2025-08-16
6,0.714,0.467,0.533,0.326,0.02002,0,40,1,206,0,5,8,0,0,1,0,0,0,2025-08-16
7,0.143,0.4,0.633,0.386,-0.0218,3,20,1,571,1,5,8,0,0,0,0,1,0,2025-08-16
8,4.286,4.0,3.556,3.793,0.05918,0,70,1,359,2,5,8,1,0,0,0,0,0,2025-08-16
9,0.571,0.633,0.578,0.585,0.00067,0,30,1,481,1,5,8,0,0,0,1,0,0,2025-08-16
10,4.0,3.733,3.478,3.651,0.0485,0,55,1,420,2,5,8,1,0,0,0,0,0,2025-08-16
1,6.286,8.033,7.722,26.723,-0.09055,0,350,2,295,2,1,8,1,0,0,0,0,0,2025-08-19
2,9.0,8.333,8.011,27.057,0.06185,0,100,1,448,2,1,8,1,0,0,0,0,0,2025-08-19
3,4.0,4.0,3.567,4.069,0.03471,0,80,1,509,2,1,8,0,1,0,0,0,0,2025-08-19
4,3.143,3.2,3.211,2.786,0.02002,0,60,1,325,2,1,8,0,1,0,0,0,0,2025-08-19
5,2.714,4.133,3.833,6.051,-0.05473,1,90,1,194,2,1,8,1,0,0,0,0,0,2025-08-19
6,0.857,0.533,0.544,0.326,0.01379,0,40,1,203,0,1,8,0,0,1,0,0,0,2025-08-19
7,0.143,0.367,0.611,0.378,-0.03003,6,20,1,568,0,1,8,0,0,0,0,1,0,2025-08-19
8,4.571,4.033,3.589,3.551,-0.002,0,70,1,356,2,1,8,1,0,0,0,0,0,2025-08-19
9,0.571,0.567,0.544,0.53,-0.00912,3,30,1,478,1,1,8,0,0,0,1,0,0,2025-08-19
10,4.429,3.633,3.478,3.895,0.05628,0,55,1,417,2,1,8,1,0,0,0,0,0,2025-08-19
1,6.0,8.5,7.867,29.776,-0.06029,0,350,2,292,2,4,8,1,0,0,0,0,0,2025-08-22
2,6.571,8.3,7.867,27.114,0.00022,0,100,1,445,2,4,8,1,0,0,0,0,0,2025-08-22
3,4.286,4.1,3.678,4.093,0.05228,0,80,1,506,1,4,8,0,1,0,0,0,0,2025-08-22
4,4.286,3.467,3.244,2.878,0.0436,0,60,1,322,2,4,8,0,1,0,0,0,0,2025-08-22
5,2.714,4.1,3.822,5.955,-0.06652,0,90,1,191,2,4,8,1,0,0,0,0,0,2025-08-22
6,1.429,0.7,0.589,0.493,0.03626,0,40,1,200,0,4,8,0,0,1,0,0,0,2025-08-22
7,0.286,0.333,0.622,0.299,-0.01157,0,20,1,565,0,4,8,0,0,0,0,1,0,2025-08-22
8,3.571,4.033,3.656,3.275,-0.00423,0,70,1,353,1,4,8,1,0,0,0,0,0,2025-08-22
9,0.286,0.567,0.544,0.53,-0.01802,1,30,1,475,1,4,8,0,0,0,1,0,0,2025-08-22
10,3.714,3.933,3.511,3.857,0.01557,0,55,1,414,2,4,8,1,0,0,0,0,0,2025-08-22
1,7.429,7.9,7.844,30.024,-0.07898,0,350,2,289,2,0,8,1,0,0,0,0,0,2025-08-25
2,7.571,8.433,7.789,26.392,0.04872,0,100,1,442,3,0,8,1,0,0,0,0,0,2025-08-25
3,3.857,4.133,3.667,4.051,-0.0129,0,80,1,503,1,0,8,0,1,0,0,0,0,2025-08-25
4,4.143,3.533,3.278,3.499,0.00979,1,60,1,319,2,0,8,0,1,0,0,0,0,2025-08-25
5,2.0,3.8,3.722,6.441,-0.12636,0,90,1,188,1,0,8,1,0,0,0,0,0,2025-08-25
6,1.0,0.633,0.556,0.516,0.02247,3,40,1,197,0,0,8,0,0,1,0,0,0,2025-08-25
7,0.571,0.367,0.622,0.309,-0.00556,1,20,1,562,0,0,8,0,0,0,0,1,0,2025-08-25
8,3.143,3.8,3.667,4.166,-0.05117,2,70,1,350,1,0,8,1,0,0,0,0,0,2025-08-25
9,0.429,0.567,0.556,0.461,-0.01446,1,30,1,472,1,0,8,0,0,0,1,0,0,2025-08-25
10,3.571,3.8,3.544,4.372,-0.0307,0,55,1,411,2,0,8,1,0,0,0,0,0,2025-08-25
1,7.286,8.033,7.7,29.275,-0.19155,0,350,2,286,2,3,8,1,0,0,0,0,0,2025-08-28
2,9.143,8.833,7.911,23.799,-0.03404,0,100,1,439,3,3,8,1,0,0,0,0,0,2025-08-28
3,4.286,4.467,3.722,3.499,-0.01468,0,80,1,500,1,3,8,0,1,0,0,0,0,2025-08-28
4,3.571,3.633,3.244,3.689,-0.00734,0,60,1,316,1,3,8,0,1,0,0,0,0,2025-08-28
5,3.143,4.033,3.756,7.275,-0.14705,1,90,1,185,1,3,8,1,0,0,0,0,0,2025-08-28
6,0.857,0.7,0.589,0.7,0.03626,0,40,1,194,0,3,8,0,0,1,0,0,0,2025-08-28
7,0.714,0.4,0.622,0.317,-0.00044,0,20,1,559,0,3,8,0,0,0,0,1,0,2025-08-28
8,3.429,3.933,3.689,4.409,-0.03204,0,70,1,347,2,3,8,1,0,0,0,0,0,2025-08-28
9,0.571,0.567,0.556,0.461,-0.01001,0,30,1,469,1,3,8,0,0,0,1,0,0,2025-08-28
10,3.0,3.833,3.567,4.144,-0.00601,0,55,1,408,2,3,8,1,0,0,0,0,0,2025-08-28
1,9.286,8.067,7.944,29.651,0.0396,0,350,2,283,1,6,8,1,0,0,0,0,0,2025-08-31
2,10.0,9.067,8.011,24.892,0.09388,0,100,1,436,2,6,8,1,0,0,0,0,0,2025-08-31
3,5.429,4.567,3.833,3.909,0.02425,0,80,1,497,2,6,8,0,1,0,0,0,0,2025-08-31
4,3.143,3.5,3.267,4.121,0.02024,1,60,1,313,2,6,8,0,1,0,0,0,0,2025-08-31
5,4.286,3.8,3.822,6.097,-0.05784,0,90,1,182,1,6,8,1,0,0,0,0,0,2025-08-31
6,0.857,0.733,0.6,0.685,0.02759,0,40,1,191,0,6,8,0,0,1,0,0,0,2025-08-31
7,0.714,0.4,0.644,0.248,0.02403,0,20,1,556,1,6,8,0,0,0,0,1,0,2025-08-31
8,4.286,3.933,3.733,4.271,0.01112,0,70,1,344,2,6,8,1,0,0,0,0,0,2025-08-31
9,0.571,0.533,0.567,0.395,0.00222,0,30,1,466,1,6,8,0,0,0,1,0,0,2025-08-31
10,3.286,3.633,3.478,4.378,-0.04961,0,55,1,405,2,6,8,1,0,0,0,0,0,2025-08-31
1,7.857,7.667,7.689,29.54,-0.02892,0,350,2,280,1,2,9,1,0,0,0,0,0,2025-09-03
2,12.571,9.833,8.144,26.489,0.11813,0,100,1,433,3,2,9,1,0,0,0,0,0,2025-09-03
3,4.714,4.467,3.778,3.913,-0.01468,0,80,1,494,2,2,9,0,1,0,0,0,0,2025-09-03
4,3.0,3.367,3.167,3.964,-0.01135,0,60,1,310,2,2,9,0,1,0,0,0,0,2025-09-03
5,3.714,3.733,3.778,5.651,-0.04761,0,90,1,179,1,2,9,1,0,0,0,0,0,2025-09-03
6,1.143,0.833,0.633,0.626,0.01624,0,40,1,188,0,2,9,0,0,1,0,0,0,2025-09-03
7,1.0,0.433,0.667,0.254,0.04116,0,20,1,553,1,2,9,0,0,0,0,1,0,2025-09-03
8,3.429,3.833,3.678,4.695,-0.04205,0,70,1,341,2,2,9,1,0,0,0,0,0,2025-09-03
9,0.857,0.533,0.567,0.326,0.02002,0,30,1,463,0,2,9,0,0,0,1,0,0,2025-09-03
10,2.429,3.567,3.444,5.013,-0.05895,0,55,1,402,2,2,9,1,0,0,0,0,0,2025-09-03
1,9.429,8.233,7.956,33.564,0.07319,0,350,2,277,2,5,9,1,0,0,0,0,0,2025-09-06
2,11.571,10.033,8.156,27.895,0.12436,0,100,1,430,3,5,9,1,0,0,0,0,0,2025-09-06
3,4.143,4.467,3.867,5.154,0.01468,1,80,1,491,2,5,9,0,1,0,0,0,0,2025-09-06
4,3.571,3.7,3.233,4.976,0.03626,0,60,1,307,2,5,9,0,1,0,0,0,0,2025-09-06
5,4.143,3.533,3.789,5.223,0.02225,0,90,1,176,1,5,9,1,0,0,0,0,0,2025-09-06
6,0.571,0.767,0.622,0.668,-0.00245,3,40,1,185,0,5,9,0,0,1,0,0,0,2025-09-06
7,0.857,0.5,0.678,0.259,0.03582,0,20,1,550,1,5,9,0,0,0,0,1,0,2025-09-06
8,3.714,3.867,3.733,4.671,0.01112,0,70,1,338,1,5,9,1,0,0,0,0,0,2025-09-06
9,0.571,0.533,0.556,0.326,-0.00133,3,30,1,460,0,5,9,0,0,0,1,0,0,2025-09-06
10,4.143,3.633,3.6,5.62,0.01224,0,55,1,399,2,5,9,1,0,0,0,0,0,2025-09-06
1,8.429,7.933,7.867,35.513,-0.06318,0,350,2,274,2,1,9,1,0,0,0,0,0,2025-09-09
2,10.286,9.833,8.233,30.764,0.06919,0,100,1,427,3,1,9,1,0,0,0,0,0,2025-09-09
3,3.857,4.133,3.844,5.43,0.004,0,80,1,488,2,1,9,0,1,0,0,0,0,2025-09-09
4,4.857,3.833,3.333,5.316,0.03582,0,60,1,304,2,1,9,0,1,0,0,0,0,2025-09-09
5,3.571,3.333,3.833,4.506,0.06007,0,90,1,173,2,1,9,1,0,0,0,0,0,2025-09-09
6,0.429,0.8,0.622,0.717,-0.01246,0,40,1,182,0,1,9,0,0,1,0,0,0,2025-09-09
7,0.429,0.5,0.644,0.259,0.0158,3,20,1,547,1,1,9,0,0,0,0,1,0,2025-09-09
8,3.286,3.667,3.689,4.989,-0.04449,0,70,1,335,1,1,9,1,0,0,0,0,0,2025-09-09
9,0.286,0.5,0.567,0.328,-0.00156,1,30,1,457,0,1,9,0,0,0,1,0,0,2025-09-09
10,4.429,3.767,3.633,5.564,-0.01313,0,55,1,396,3,1,9,1,0,0,0,0,0,2025-09-09
1,6.143,7.533,7.933,35.016,0.02314,0,350,2,271,2,4,9,1,0,0,0,0,0,2025-09-12
2,10.714,10.133,8.522,28.74,0.08899,0,100,1,424,3,4,9,1,0,0,0,0,0,2025-09-12
3,2.429,4.1,3.844,5.334,-0.02336,0,80,1,485,1,4,9,0,1,0,0,0,0,2025-09-12
4,4.857,3.9,3.289,5.748,0.03938,0,60,1,301,1,4,9,0,1,0,0,0,0,2025-09-12
5,3.429,3.4,3.889,4.386,0.02892,0,90,1,170,1,4,9,1,0,0,0,0,0,2025-09-12
6,0.714,0.833,0.644,0.764,-0.01268,1,40,1,179,1,4,9,0,0,1,0,0,0,2025-09-12
7,0.571,0.567,0.633,0.323,0.02024,1,20,1,544,1,4,9,0,0,0,0,1,0,2025-09-12
8,3.0,3.767,3.711,4.461,-0.0416,0,70,1,332,1,4,9,1,0,0,0,0,0,2025-09-12
9,0.143,0.433,0.567,0.254,-0.00779,4,30,1,454,0,4,9,0,0,0,1,0,0,2025-09-12
10,4.286,3.7,3.611,4.7,0.0198,0,55,1,393,2,4,9,1,0,0,0,0,0,2025-09-12
1,7.286,7.167,7.967,35.109,0.04427,0,350,2,268,1,0,9,1,0,0,0,0,0,2025-09-15
2,11.571,9.933,8.767,26.547,0.14816,0,100,1,421,3,0,9,1,0,0,0,0,0,2025-09-15
3,3.714,4.067,3.878,5.926,-0.02492,1,80,1,482,1,0,9,0,1,0,0,0,0,2025-09-15
4,4.571,4.067,3.322,5.306,0.03382,0,60,1,298,2,0,9,0,1,0,0,0,0,2025-09-15
5,3.286,3.333,3.9,5.057,0.03826,0,90,1,167,1,0,9,1,0,0,0,0,0,2025-09-15
6,0.857,0.767,0.633,0.737,-0.01802,0,40,1,176,1,0,9,0,0,1,0,0,0,2025-09-15
7,0.571,0.6,0.633,0.317,0.004,0,20,1,541,1,0,9,0,0,0,0,1,0,2025-09-15
8,3.571,3.5,3.711,3.776,0.01357,0,70,1,329,2,0,9,1,0,0,0,0,0,2025-09-15
9,0.143,0.4,0.567,0.248,-0.00534,2,30,1,451,0,0,9,0,0,0,1,0,0,2025-09-15
10,3.429,3.433,3.589,5.013,-0.00378,1,55,1,390,2,0,9,1,0,0,0,0,0,2025-09-15
1,7.571,8.033,7.922,31.895,-0.03359,0,350,2,265,1,3,9,1,0,0,0,0,0,2025-09-18
2,9.714,10.167,8.811,28.489,0.02247,0,100,1,418,3,3,9,1,0,0,0,0,0,2025-09-18
3,4.429,4.233,3.833,5.633,-0.03849,0,80,1,479,1,3,9,0,1,0,0,0,0,2025-09-18
4,3.714,4.067,3.322,5.306,0.004,0,60,1,295,2,3,9,0,1,0,0,0,0,2025-09-18
5,3.286,3.6,3.933,5.007,0.00667,0,90,1,164,1,3,9,1,0,0,0,0,0,2025-09-18
6,0.143,0.7,0.633,0.769,-0.03448,3,40,1,173,1,3,9,0,0,1,0,0,0,2025-09-18
7,1.143,0.833,0.678,0.626,0.02113,0,20,1,538,1,3,9,0,0,0,0,1,0,2025-09-18
8,4.0,3.633,3.711,3.482,0.00289,0,70,1,326,2,3,9,1,0,0,0,0,0,2025-09-18
9,0.286,0.433,0.567,0.254,-0.01491,0,30,1,448,0,3,9,0,0,0,1,0,0,2025-09-18
10,3.143,3.567,3.6,4.806,0.01402,0,55,1,387,2,3,9,1,0,0,0,0,0,2025-09-18
1,8.571,7.667,7.9,30.989,0.02403,0,350,2,262,1,6,9,1,0,0,0,0,0,2025-09-21
2,7.714,10.4,9.067,26.731,-0.07519,0,100,1,415,4,6,9,1,0,0,0,0,0,2025-09-21
3,3.714,4.133,3.922,5.43,-0.02492,0,80,1,476,2,6,9,0,1,0,0,0,0,2025-09-21
4,3.143,3.8,3.344,5.752,0.00934,0,60,1,292,2,6,9,0,1,0,0,0,0,2025-09-21
5,4.143,3.767,4.0,6.254,0.03671,0,90,1,161,1,6,9,1,0,0,0,0,0,2025-09-21
6,0.286,0.533,0.644,0.602,-0.01246,1,40,1,170,1,6,9,0,0,1,0,0,0,2025-09-21
7,1.429,0.833,0.689,0.626,0.01491,0,20,1,535,1,6,9,0,0,0,0,1,0,2025-09-21
8,3.714,3.567,3.778,3.771,0.00378,0,70,1,323,2,6,9,1,0,0,0,0,0,2025-09-21
9,0.286,0.433,0.556,0.254,-0.01935,2,30,1,445,0,6,9,0,0,0,1,0,0,2025-09-21
10,4.429,3.7,3.722,4.7,0.07097,0,55,1,384,2,6,9,1,0,0,0,0,0,2025-09-21
1,7.429,7.833,7.678,34.764,-0.05673,0,350,2,259,1,2,9,1,0,0,0,0,0,2025-09-24
2,8.429,10.267,8.944,26.892,-0.09121,0,100,1,412,3,2,9,1,0,0,0,0,0,2025-09-24
3,3.571,4.133,3.922,5.361,-0.08365,0,80,1,473,2,2,9,0,1,0,0,0,0,2025-09-24
4,3.714,4.0,3.456,4.966,0.01513,0,60,1,289,2,2,9,0,1,0,0,0,0,2025-09-24
5,3.429,3.767,3.878,6.254,-0.07364,0,90,1,158,1,2,9,1,0,0,0,0,0,2025-09-24
6,0.429,0.6,0.644,0.593,-0.02225,1,40,1,167,1,2,9,0,0,1,0,0,0,2025-09-24
7,0.857,0.867,0.711,0.671,0.01424,1,20,1,532,2,2,9,0,0,0,0,1,0,2025-09-24
8,3.571,3.733,3.7,3.513,-0.03782,0,70,1,320,2,2,9,1,0,0,0,0,0,2025-09-24
9,0.429,0.4,0.533,0.248,-0.01513,0,30,1,442,0,2,9,0,0,0,1,0,0,2025-09-24
10,4.286,3.8,3.678,4.51,0.02136,0,55,1,381,3,2,9,1,0,0,0,0,0,2025-09-24
1,9.571,8.667,7.811,38.161,0.02314,0,350,2,256,2,5,9,1,0,0,0,0,0,2025-09-27
2,6.857,9.867,8.933,30.395,-0.22825,0,100,1,409,3,5,9,1,0,0,0,0,0,2025-09-27
3,3.571,4.0,3.967,5.241,-0.03115,0,80,1,470,2,5,9,0,1,0,0,0,0,2025-09-27
4,5.0,4.1,3.567,4.714,0.01935,0,60,1,286,2,5,9,0,1,0,0,0,0,2025-09-27
5,2.143,3.667,3.9,5.057,-0.05206,0,90,1,155,1,5,9,1,0,0,0,0,0,2025-09-27
6,0.714,0.567,0.644,0.461,-0.00067,1,40,1,164,1,5,9,0,0,1,0,0,0,2025-09-27
7,1.0,0.9,0.722,0.714,0.01135,1,20,1,529,2,5,9,0,0,0,0,1,0,2025-09-27
8,3.0,3.567,3.733,3.495,-0.01535,0,70,1,317,1,5,9,1,0,0,0,0,0,2025-09-27
9,0.714,0.467,0.533,0.326,0.00712,0,30,1,439,0,5,9,0,0,0,1,0,0,2025-09-27
10,3.571,3.7,3.7,4.355,0.04027,0,55,1,378,2,5,9,1,0,0,0,0,0,2025-09-27
1,12.286,8.133,7.644,44.12,0.15128,0,350,2,253,2,1,9,1,0,0,0,0,0,2025-09-30
2,4.571,8.633,8.6,33.275,-0.30768,0,100,1,406,3,1,9,1,0,0,0,0,0,2025-09-30
3,4.0,3.767,3.967,4.53,0.00779,0,80,1,467,1,1,9,0,1,0,0,0,0,2025-09-30
4,3.0,3.767,3.467,5.22,-0.05628,1,60,1,283,2,1,9,0,1,0,0,0,0,2025-09-30
5,3.714,3.6,3.933,5.903,-0.01023,0,90,1,152,1,1,9,1,0,0,0,0,0,2025-09-30
6,0.714,0.567,0.644,0.461,0.00245,1,40,1,161,1,1,9,0,0,1,0,0,0,2025-09-30
7,0.429,0.8,0.689,0.786,-0.00267,4,20,1,526,1,1,9,0,0,0,0,1,0,2025-09-30
8,2.571,3.1,3.644,4.093,-0.0416,2,70,1,314,1,1,9,1,0,0,0,0,0,2025-09-30
9,1.0,0.467,0.511,0.395,0.01379,2,30,1,436,0,1,9,0,0,0,1,0,0,2025-09-30
10,3.714,3.867,3.733,4.464,-0.00934,0,55,1,375,2,1,9,1,0,0,0,0,0,2025-09-30
1,10.857,9.067,7.822,46.478,0.14461,0,350,2,250,2,4,10,1,0,0,0,0,0,2025-10-03
2,6.286,8.6,8.867,30.386,-0.11346,0,100,1,403,2,4,10,1,0,0,0,0,0,2025-10-03
3,4.0,3.8,3.967,4.579,-0.01913,0,80,1,464,1,4,10,0,1,0,0,0,0,2025-10-03
4,2.714,4.067,3.533,4.961,-0.07386,0,60,1,280,2,4,10,0,1,0,0,0,0,2025-10-03
5,5.143,3.833,3.922,6.764,0.03448,0,90,1,149,2,4,10,1,0,0,0,0,0,2025-10-03
6,0.571,0.533,0.667,0.464,0.01335,1,40,1,158,1,4,10,0,0,1,0,0,0,2025-10-03
7,0.286,0.767,0.689,0.806,-0.00067,0,20,1,523,1,4,10,0,0,0,0,1,0,2025-10-03
8,3.429,3.567,3.678,4.875,-0.00289,0,70,1,311,2,4,10,1,0,0,0,0,0,2025-10-03
9,0.857,0.467,0.511,0.602,0.03382,2,30,1,433,1,4,10,0,0,0,1,0,0,2025-10-03
10,3.857,3.967,3.789,3.826,-0.02781,0,55,1,372,2,4,10,1,0,0,0,0,0,2025-10-03
1,13.429,8.8,8.078,44.786,0.27186,0,350,2,247,1,0,10,1,0,0,0,0,0,2025-10-06
2,10.571,8.567,9.067,32.323,-0.02825,0,100,1,400,3,0,10,1,0,0,0,0,0,2025-10-06
3,2.857,3.467,3.922,3.085,-0.0129,0,80,1,461,1,0,10,0,1,0,0,0,0,2025-10-06
4,3.429,3.733,3.589,5.444,-0.04805,0,60,1,277,2,0,10,0,1,0,0,0,0,2025-10-06
5,5.0,3.733,3.911,7.306,0.03204,1,90,1,146,2,0,10,1,0,0,0,0,0,2025-10-06
6,0.571,0.6,0.644,0.524,0.00311,2,40,1,155,1,0,10,0,0,1,0,0,0,2025-10-06
7,0.714,0.8,0.667,0.855,0.00222,0,20,1,520,1,0,10,0,0,0,0,1,0,2025-10-06
8,4.0,3.3,3.678,5.114,0.01891,0,70,1,308,2,0,10,1,0,0,0,0,0,2025-10-06
9,0.857,0.567,0.533,0.668,0.03359,0,30,1,430,1,0,10,0,0,0,1,0,0,2025-10-06
10,4.857,3.933,3.833,3.582,0.03248,0,55,1,369,2,0,10,1,0,0,0,0,0,2025-10-06
1,11.286,9.7,8.278,39.941,0.19867,0,350,2,244,2,3,10,1,0,0,0,0,0,2025-10-09
2,13.286,9.267,9.156,35.237,0.03826,0,100,1,397,3,3,10,1,0,0,0,0,0,2025-10-09
3,2.857,3.633,3.844,3.068,-0.03048,0,80,1,458,1,3,10,0,1,0,0,0,0,2025-10-09
4,3.0,3.567,3.544,5.22,-0.05584,0,60,1,274,2,3,10,0,1,0,0,0,0,2025-10-09
5,3.857,3.8,3.911,7.2,0.02714,0,90,1,143,1,3,10,1,0,0,0,0,0,2025-10-09
6,0.571,0.6,0.644,0.455,0.00489,0,40,1,152,1,3,10,0,0,1,0,0,0,2025-10-09
7,1.286,0.967,0.678,0.861,0.00067,0,20,1,517,1,3,10,0,0,0,0,1,0,2025-10-09
8,4.0,3.6,3.633,5.145,-0.00712,0,70,1,305,2,3,10,1,0,0,0,0,0,2025-10-09
9,0.714,0.6,0.556,0.731,0.02937,2,30,1,427,1,3,10,0,0,0,1,0,0,2025-10-09
10,4.571,3.967,3.8,3.413,0.0287,0,55,1,366,2,3,10,1,0,0,0,0,0,2025-10-09
1,11.714,9.967,8.556,39.895,0.17775,0,350,2,241,2,6,10,1,0,0,0,0,0,2025-10-12
2,13.0,9.2,9.278,40.993,0.12725,1,100,1,394,3,6,10,1,0,0,0,0,0,2025-10-12
3,4.143,3.767,3.867,3.289,-0.02069,0,80,1,455,2,6,10,0,1,0,0,0,0,2025-10-12
4,2.429,3.4,3.556,5.214,-0.05517,1,60,1,271,2,6,10,0,1,0,0,0,0,2025-10-12
5,4.0,4.033,3.944,8.033,0.03626,0,90,1,140,1,6,10,1,0,0,0,0,0,2025-10-12
6,0.857,0.633,0.644,0.447,0.02692,0,40,1,149,0,6,10,0,0,1,0,0,0,2025-10-12
7,1.0,0.867,0.656,0.878,-0.01557,3,20,1,514,1,6,10,0,0,0,0,1,0,2025-10-12
8,4.286,3.667,3.733,6.092,0.03115,0,70,1,302,2,6,10,1,0,0,0,0,0,2025-10-12
9,0.571,0.633,0.567,0.723,0.0109,2,30,1,424,1,6,10,0,0,0,1,0,0,2025-10-12
10,4.714,4.033,3.844,3.413,0.05628,0,55,1,363,2,6,10,1,0,0,0,0,0,2025-10-12
1,10.857,10.433,8.678,41.909,0.11235,0,350,2,238,2,2,10,1,0,0,0,0,0,2025-10-15
2,11.0,9.167,9.189,39.937,0.18977,0,100,1,391,3,2,10,1,0,0,0,0,0,2025-10-15
3,3.143,3.567,3.844,2.668,-0.04427,0,80,1,452,2,2,10,0,1,0,0,0,0,2025-10-15
4,3.0,3.233,3.533,5.013,-0.03404,0,60,1,268,1,2,10,0,1,0,0,0,0,2025-10-15
5,4.143,4.0,3.911,7.448,0.00445,0,90,1,137,1,2,10,1,0,0,0,0,0,2025-10-15
6,1.0,0.667,0.633,0.506,0.01958,2,40,1,146,0,2,10,0,0,1,0,0,0,2025-10-15
7,0.571,0.9,0.633,0.852,-0.03137,0,20,1,511,1,2,10,0,0,0,0,1,0,2025-10-15
8,4.714,3.767,3.756,7.22,0.05317,0,70,1,299,1,2,10,1,0,0,0,0,0,2025-10-15
9,0.429,0.667,0.567,0.713,0.00534,0,30,1,421,1,2,10,0,0,0,1,0,0,2025-10-15
10,4.0,4.1,3.756,3.266,-0.02336,0,55,1,360,2,2,10,1,0,0,0,0,0,2025-10-15
1,12.429,11.1,9.056,45.817,0.21112,0,350,2,235,2,5,10,1,0,0,0,0,0,2025-10-18
2,10.571,9.8,9.433,38.441,0.25317,0,100,1,388,3,5,10,1,0,0,0,0,0,2025-10-18
3,3.429,3.667,3.967,4.161,0.02002,0,80,1,449,2,5,10,0,1,0,0,0,0,2025-10-18
4,2.857,3.267,3.511,5.72,-0.0267,1,60,1,265,2,5,10,0,1,0,0,0,0,2025-10-18
5,2.429,3.833,3.856,7.661,-0.02736,1,90,1,134,1,5,10,1,0,0,0,0,0,2025-10-18
6,0.714,0.733,0.656,0.478,0.00445,1,40,1,143,0,5,10,0,0,1,0,0,0,2025-10-18
7,0.714,0.767,0.656,0.599,0.00334,0,20,1,508,1,5,10,0,0,0,0,1,0,2025-10-18
8,3.143,3.6,3.756,7.49,0.03293,0,70,1,296,1,5,10,1,0,0,0,0,0,2025-10-18
9,0.714,0.733,0.578,0.685,0.00356,0,30,1,418,1,5,10,0,0,0,1,0,0,2025-10-18
10,3.714,4.133,3.778,3.43,0.00623,0,55,1,357,2,5,10,1,0,0,0,0,0,2025-10-18
1,14.714,11.533,9.233,41.43,0.15929,0,350,2,232,3,1,10,1,0,0,0,0,0,2025-10-21
2,10.143,9.367,9.356,45.137,0.15017,0,100,1,385,2,1,10,1,0,0,0,0,0,2025-10-21
3,5.0,3.8,4.011,4.786,0.05562,0,80,1,446,1,1,10,0,1,0,0,0,0,2025-10-21
4,3.286,3.3,3.522,5.114,-0.04694,0,60,1,262,2,1,10,0,1,0,0,0,0,2025-10-21
5,2.857,3.667,3.844,6.989,0.00712,0,90,1,131,1,1,10,1,0,0,0,0,0,2025-10-21
6,0.714,0.8,0.678,0.51,-0.0,0,40,1,140,0,1,10,0,0,1,0,0,0,2025-10-21
7,1.0,0.8,0.656,0.648,0.00578,0,20,1,505,2,1,10,0,0,0,0,1,0,2025-10-21
8,2.571,3.367,3.656,8.033,-0.01669,0,70,1,293,1,1,10,1,0,0,0,0,0,2025-10-21
9,0.714,0.733,0.578,0.685,-0.01201,1,30,1,415,1,1,10,0,0,0,1,0,0,2025-10-21
10,4.143,3.9,3.844,3.128,0.02514,0,55,1,354,3,1,10,1,0,0,0,0,0,2025-10-21
1,10.714,11.7,9.144,35.803,-0.02247,0,350,2,229,3,4,10,1,0,0,0,0,0,2025-10-24
2,8.714,9.667,9.456,46.23,0.18065,0,100,1,382,3,4,10,1,0,0,0,0,0,2025-10-24
3,4.714,3.867,4.044,4.671,0.02269,0,80,1,443,1,4,10,0,1,0,0,0,0,2025-10-24
4,3.0,3.2,3.578,4.855,0.00178,0,60,1,259,2,4,10,0,1,0,0,0,0,2025-10-24
5,2.857,3.867,3.811,6.395,-0.06585,0,90,1,128,1,4,10,1,0,0,0,0,0,2025-10-24
6,0.857,0.833,0.689,0.557,0.00156,0,40,1,137,0,4,10,0,0,1,0,0,0,2025-10-24
7,0.857,0.767,0.667,0.599,0.00779,1,20,1,502,1,4,10,0,0,0,0,1,0,2025-10-24
8,2.143,3.3,3.611,7.39,-0.03226,0,70,1,290,1,4,10,1,0,0,0,0,0,2025-10-24
9,0.286,0.7,0.556,0.7,-0.03448,4,30,1,412,1,4,10,0,0,0,1,0,0,2025-10-24
10,4.571,4.2,3.933,4.441,0.04182,0,55,1,351,2,4,10,1,0,0,0,0,0,2025-10-24
1,10.571,11.533,9.411,35.016,0.05473,0,350,2,226,2,0,10,1,0,0,0,0,0,2025-10-27
2,10.429,9.967,9.556,48.24,0.0287,1,100,1,379,3,0,10,1,0,0,0,0,0,2025-10-27
3,3.286,3.733,4.067,5.03,0.0267,0,80,1,440,1,0,10,0,1,0,0,0,0,2025-10-27
4,3.143,2.967,3.567,5.206,0.01713,1,60,1,256,2,0,10,0,1,0,0,0,0,2025-10-27
5,3.143,3.767,3.822,7.013,-0.09499,0,90,1,125,1,0,10,1,0,0,0,0,0,2025-10-27
6,0.714,0.767,0.678,0.53,-0.00245,0,40,1,134,0,0,10,0,0,1,0,0,0,2025-10-27
7,0.714,0.7,0.667,0.562,0.00601,0,20,1,499,1,0,10,0,0,0,0,1,0,2025-10-27
8,2.714,3.233,3.578,7.426,-0.04516,1,70,1,287,2,0,10,1,0,0,0,0,0,2025-10-27
9,0.0,0.567,0.533,0.668,-0.03315,7,30,1,409,1,0,10,0,0,0,1,0,0,2025-10-27
10,4.286,4.133,3.889,5.085,0.00489,1,55,1,348,2,0,10,1,0,0,0,0,0,2025-10-27
1,12.286,11.9,9.367,36.369,-0.01046,0,350,2,223,2,3,10,1,0,0,0,0,0,2025-10-30
2,10.0,11.067,9.589,40.133,-0.13482,0,100,1,376,3,3,10,1,0,0,0,0,0,2025-10-30
3,3.429,3.7,4.011,5.459,0.02024,0,80,1,437,1,3,10,0,1,0,0,0,0,2025-10-30
4,3.571,3.433,3.567,4.737,-0.00512,0,60,1,253,1,3,10,0,1,0,0,0,0,2025-10-30
5,3.571,3.833,3.744,6.42,-0.06162,0,90,1,122,2,3,10,1,0,0,0,0,0,2025-10-30
6,0.714,0.767,0.689,0.599,-0.00601,1,40,1,131,0,3,10,0,0,1,0,0,0,2025-10-30
7,0.286,0.733,0.644,0.547,-0.01557,0,20,1,496,1,3,10,0,0,0,0,1,0,2025-10-30
8,3.0,3.533,3.522,6.602,-0.10723,0,70,1,284,2,3,10,1,0,0,0,0,0,2025-10-30
9,0.714,0.667,0.556,0.851,-0.00979,0,30,1,406,1,3,10,0,0,0,1,0,0,2025-10-30
10,4.143,4.333,3.944,4.575,0.00534,0,55,1,345,2,3,10,1,0,0,0,0,0,2025-10-30
1,13.0,11.833,9.522,34.144,0.04205,0,350,2,220,3,6,11,1,0,0,0,0,0,2025-11-02
2,9.286,10.7,9.711,43.252,-0.11991,1,100,1,373,4,6,11,1,0,0,0,0,0,2025-11-02
3,2.429,3.567,3.944,5.84,-0.01891,1,80,1,434,1,6,11,0,1,0,0,0,0,2025-11-02
4,3.0,3.133,3.522,4.74,0.00534,0,60,1,250,1,6,11,0,1,0,0,0,0,2025-11-02
5,3.857,3.6,3.722,5.421,-0.01602,0,90,1,119,1,6,11,1,0,0,0,0,0,2025-11-02
6,1.0,0.833,0.733,0.764,0.00334,0,40,1,128,0,6,11,0,0,1,0,0,0,2025-11-02
7,0.286,0.667,0.622,0.575,-0.03026,3,20,1,493,1,6,11,0,0,0,0,1,0,2025-11-02
8,3.0,3.233,3.544,5.84,-0.0376,0,70,1,281,1,6,11,1,0,0,0,0,0,2025-11-02
9,0.714,0.567,0.522,0.668,-0.01313,3,30,1,403,0,6,11,0,0,0,1,0,0,2025-11-02
10,3.571,4.233,3.922,4.875,-0.02692,0,55,1,342,2,6,11,1,0,0,0,0,0,2025-11-02
1,13.286,12.233,9.756,35.289,0.0683,0,350,2,217,3,2,11,1,0,0,0,0,0,2025-11-05
2,9.143,10.533,9.711,42.257,-0.14505,0,100,1,370,3,2,11,1,0,0,0,0,0,2025-11-05
3,2.857,3.633,3.856,5.964,-0.06874,0,80,1,431,2,2,11,0,1,0,0,0,0,2025-11-05
4,3.143,3.233,3.556,3.978,0.02336,0,60,1,247,2,2,11,0,1,0,0,0,0,2025-11-05
5,3.429,3.533,3.6,4.809,-0.03471,0,90,1,116,1,2,11,1,0,0,0,0,0,2025-11-05
6,0.857,0.833,0.733,0.695,-0.00289,1,40,1,125,0,2,11,0,0,1,0,0,0,2025-11-05
7,0.429,0.633,0.644,0.516,-0.02336,0,20,1,490,1,2,11,0,0,0,0,1,0,2025-11-05
8,3.857,3.433,3.533,5.495,-0.02336,0,70,1,278,1,2,11,1,0,0,0,0,0,2025-11-05
9,0.714,0.533,0.544,0.602,-0.00178,0,30,1,400,0,2,11,0,0,0,1,0,0,2025-11-05
10,3.857,4.167,3.911,5.178,0.00823,0,55,1,339,3,2,11,1,0,0,0,0,0,2025-11-05
1,16.286,12.767,10.133,43.082,0.14616,0,350,2,214,2,5,11,1,0,0,0,0,0,2025-11-08
2,9.571,10.433,9.844,42.116,-0.00512,0,100,1,367,3,5,11,1,0,0,0,0,0,2025-11-08
3,2.857,3.633,3.8,5.895,-0.05451,0,80,1,428,2,5,11,0,1,0,0,0,0,2025-11-08
4,4.714,3.567,3.656,4.323,0.06118,0,60,1,244,2,5,11,0,1,0,0,0,0,2025-11-08
5,4.143,3.8,3.644,5.89,0.03248,0,90,1,113,1,5,11,1,0,0,0,0,0,2025-11-08
6,0.714,0.767,0.722,0.737,-0.02158,4,40,1,122,0,5,11,0,0,1,0,0,0,2025-11-08
7,0.571,0.533,0.667,0.395,-0.00089,1,20,1,487,1,5,11,0,0,0,0,1,0,2025-11-08
8,3.714,3.367,3.544,5.964,-0.00111,0,70,1,275,1,5,11,1,0,0,0,0,0,2025-11-08
9,0.286,0.467,0.522,0.533,-0.00756,3,30,1,397,0,5,11,0,0,0,1,0,0,2025-11-08
10,4.429,4.3,4.011,5.045,0.02336,0,55,1,336,2,5,11,1,0,0,0,0,0,2025-11-08
1,15.857,13.033,10.178,43.895,0.11769,0,350,2,211,2,1,11,1,0,0,0,0,0,2025-11-11
2,11.571,10.2,9.844,37.407,-0.00311,0,100,1,364,3,1,11,1,0,0,0,0,0,2025-11-11
3,3.429,3.433,3.767,5.426,-0.04561,0,80,1,425,1,1,11,0,1,0,0,0,0,2025-11-11
4,3.857,3.367,3.556,4.654,-0.00823,0,60,1,241,2,1,11,0,1,0,0,0,0,2025-11-11
5,4.286,3.5,3.644,4.948,0.04294,0,90,1,110,1,1,11,1,0,0,0,0,0,2025-11-11
6,0.286,0.7,0.722,0.769,-0.01135,2,40,1,119,1,1,11,0,0,1,0,0,0,2025-11-11
7,0.857,0.633,0.689,0.447,-0.00512,1,20,1,484,1,1,11,0,0,0,0,1,0,2025-11-11
8,3.429,3.2,3.544,5.545,0.03915,0,70,1,272,1,1,11,1,0,0,0,0,0,2025-11-11
9,0.143,0.433,0.5,0.53,-0.01846,6,30,1,394,0,1,11,0,0,0,1,0,0,2025-11-11
10,4.857,4.167,3.967,6.075,0.03137,0,55,1,333,2,1,11,1,0,0,0,0,0,2025-11-11
1,14.143,13.633,10.411,40.654,0.12792,0,350,2,208,3,4,11,1,0,0,0,0,0,2025-11-14
2,9.286,9.8,9.633,37.131,-0.07564,0,100,1,361,3,4,11,1,0,0,0,0,0,2025-11-14
3,3.429,3.667,3.767,5.678,-0.05873,0,80,1,422,1,4,11,0,1,0,0,0,0,2025-11-14
4,3.571,3.6,3.633,5.352,0.02091,0,60,1,238,2,4,11,0,1,0,0,0,0,2025-11-14
5,5.0,3.867,3.733,6.326,0.08943,0,90,1,107,1,4,11,1,0,0,0,0,0,2025-11-14
6,0.857,0.767,0.733,0.737,0.00067,0,40,1,116,1,4,11,0,0,1,0,0,0,2025-11-14
7,0.571,0.6,0.7,0.455,-0.01023,2,20,1,481,1,4,11,0,0,0,0,1,0,2025-11-14
8,3.857,3.267,3.511,4.754,0.10723,0,70,1,269,2,4,11,1,0,0,0,0,0,2025-11-14
9,0.286,0.433,0.5,0.53,-0.00868,0,30,1,391,0,4,11,0,0,0,1,0,0,2025-11-14
10,4.286,4.4,3.978,5.559,-0.00311,0,55,1,330,2,4,11,1,0,0,0,0,0,2025-11-14
1,12.0,12.433,10.522,46.53,0.03315,0,350,2,205,3,0,11,1,0,0,0,0,0,2025-11-17
2,7.0,8.933,9.633,37.099,-0.05028,0,100,1,358,3,0,11,1,0,0,0,0,0,2025-11-17
3,3.571,3.333,3.744,4.437,-0.04316,1,80,1,419,1,0,11,0,1,0,0,0,0,2025-11-17
4,4.143,3.633,3.656,5.482,0.03226,0,60,1,235,1,0,11,0,1,0,0,0,0,2025-11-17
5,4.571,3.967,3.8,5.964,0.04694,0,90,1,104,2,0,11,1,0,0,0,0,0,2025-11-17
6,0.714,0.733,0.722,0.754,-0.00934,2,40,1,113,1,0,11,0,0,1,0,0,0,2025-11-17
7,0.571,0.6,0.733,0.455,0.00445,1,20,1,478,1,0,11,0,0,0,0,1,0,2025-11-17
8,5.286,3.5,3.578,5.293,0.11012,0,70,1,266,2,0,11,1,0,0,0,0,0,2025-11-17
9,0.571,0.4,0.522,0.524,0.00801,0,30,1,388,0,0,11,0,0,0,1,0,0,2025-11-17
10,4.714,4.267,3.989,5.651,-0.00178,0,55,1,327,3,0,11,1,0,0,0,0,0,2025-11-17
1,8.286,12.033,10.411,48.516,-0.06251,0,350,2,202,2,3,11,1,0,0,0,0,0,2025-11-20
2,8.0,9.567,9.778,31.84,-0.11146,0,100,1,355,3,3,11,1,0,0,0,0,0,2025-11-20
3,4.286,3.333,3.756,4.092,0.04004,0,80,1,416,1,3,11,0,1,0,0,0,0,2025-11-20
4,4.714,3.767,3.622,5.702,0.02959,0,60,1,232,2,3,11,0,1,0,0,0,0,2025-11-20
5,4.286,4.1,3.844,5.403,0.05628,0,90,1,101,2,3,11,1,0,0,0,0,0,2025-11-20
6,0.714,0.7,0.678,0.7,-0.00467,1,40,1,110,1,3,11,0,0,1,0,0,0,2025-11-20
7,0.714,0.567,0.733,0.392,0.01313,1,20,1,475,0,3,11,0,0,0,0,1,0,2025-11-20
8,5.429,3.967,3.633,4.792,0.09366,0,70,1,263,2,3,11,1,0,0,0,0,0,2025-11-20
9,1.0,0.5,0.556,0.741,0.02469,0,30,1,385,0,3,11,0,0,0,1,0,0,2025-11-20
10,3.714,4.333,3.978,5.609,-0.02759,0,55,1,324,2,3,11,1,0,0,0,0,0,2025-11-20
1,8.714,12.367,10.633,47.206,-0.16796,0,350,2,199,2,6,11,1,0,0,0,0,0,2025-11-23
2,11.0,9.667,9.867,31.609,0.00267,0,100,1,352,3,6,11,1,0,0,0,0,0,2025-11-23
3,3.857,3.367,3.789,5.206,0.04205,1,80,1,413,1,6,11,0,1,0,0,0,0,2025-11-23
4,4.571,3.8,3.667,5.821,0.04405,0,60,1,229,2,6,11,0,1,0,0,0,0,2025-11-23
5,4.429,4.3,3.978,5.39,0.04872,0,90,1,98,2,6,11,1,0,0,0,0,0,2025-11-23
6,0.714,0.7,0.711,0.7,0.00734,0,40,1,107,1,6,11,0,0,1,0,0,0,2025-11-23
7,0.286,0.5,0.711,0.397,0.00556,4,20,1,472,0,6,11,0,0,0,0,1,0,2025-11-23
8,4.714,4.167,3.733,4.695,0.07675,0,70,1,260,2,6,11,1,0,0,0,0,0,2025-11-23
9,0.857,0.533,0.544,0.74,0.01068,1,30,1,382,1,6,11,0,0,0,1,0,0,2025-11-23
10,4.714,4.233,4.078,4.53,0.02247,0,55,1,321,2,6,11,1,0,0,0,0,0,2025-11-23
1,8.0,11.667,10.622,55.195,-0.28298,1,350,2,196,2,2,11,1,0,0,0,0,0,2025-11-26
2,11.143,9.833,9.889,28.144,-0.03537,0,100,1,349,3,2,11,1,0,0,0,0,0,2025-11-26
3,4.714,3.567,3.767,4.944,0.07853,0,80,1,410,2,2,11,0,1,0,0,0,0,2025-11-26
4,3.714,3.933,3.667,4.892,0.01201,0,60,1,226,2,2,11,0,1,0,0,0,0,2025-11-26
5,4.143,4.367,3.933,4.93,-0.00111,0,90,1,95,2,2,11,1,0,0,0,0,0,2025-11-26
6,1.143,0.833,0.722,0.764,0.01669,0,40,1,104,1,2,11,0,0,1,0,0,0,2025-11-26
7,0.857,0.667,0.756,0.782,0.02848,0,20,1,469,1,2,11,0,0,0,0,1,0,2025-11-26
8,5.0,4.367,3.722,4.033,0.05451,0,70,1,257,1,2,11,1,0,0,0,0,0,2025-11-26
9,0.571,0.533,0.522,0.74,-0.01068,4,30,1,379,1,2,11,0,0,0,1,0,0,2025-11-26
10,4.0,4.267,4.033,3.995,-0.0178,0,55,1,318,2,2,11,1,0,0,0,0,0,2025-11-26
1,9.714,11.867,10.633,44.189,-0.21357,0,350,2,193,3,5,11,1,0,0,0,0,0,2025-11-29
2,12.286,10.333,10.011,32.506,0.14638,0,100,1,346,3,5,11,1,0,0,0,0,0,2025-11-29
3,3.286,3.467,3.644,4.671,0.04894,0,80,1,407,2,5,11,0,1,0,0,0,0,2025-11-29
4,4.0,3.9,3.7,5.059,0.04828,0,60,1,223,2,5,11,0,1,0,0,0,0,2025-11-29
5,3.857,4.333,3.922,4.644,0.01958,0,90,1,92,1,5,11,1,0,0,0,0,0,2025-11-29
6,1.571,0.933,0.756,0.823,0.02714,0,40,1,101,1,5,11,0,0,1,0,0,0,2025-11-29
7,1.286,0.733,0.756,0.823,0.02581,1,20,1,466,1,5,11,0,0,0,0,1,0,2025-11-29
8,4.286,4.433,3.689,4.392,0.02692,0,70,1,254,2,5,11,1,0,0,0,0,0,2025-11-29
9,0.286,0.433,0.522,0.461,0.0158,1,30,1,376,1,5,11,0,0,0,1,0,0,2025-11-29
10,4.286,4.2,4.133,4.166,0.01557,0,55,1,315,3,5,11,1,0,0,0,0,0,2025-11-29
1,8.857,11.233,10.711,50.737,-0.29121,0,350,2,190,2,1,12,1,0,0,0,0,0,2025-12-02
2,13.286,10.333,9.878,28.368,0.12681,0,100,1,343,3,1,12,1,0,0,0,0,0,2025-12-02
3,2.571,3.5,3.622,4.328,-0.002,0,80,1,404,2,1,12,0,1,0,0,0,0,2025-12-02
4,4.571,4.167,3.789,4.557,0.0198,0,60,1,220,2,1,12,0,1,0,0,0,0,2025-12-02
5,4.714,4.467,3.967,4.189,0.01824,0,90,1,89,1,1,12,1,0,0,0,0,0,2025-12-02
6,1.286,0.867,0.744,0.671,0.03026,0,40,1,98,1,1,12,0,0,1,0,0,0,2025-12-02
7,1.143,0.8,0.744,0.855,0.00845,1,20,1,463,1,1,12,0,0,0,0,1,0,2025-12-02
8,3.143,4.233,3.678,4.875,-0.03671,0,70,1,251,2,1,12,1,0,0,0,0,0,2025-12-02
9,0.286,0.433,0.489,0.461,-0.00156,4,30,1,373,1,1,12,0,0,0,1,0,0,2025-12-02
10,4.429,4.367,4.189,4.999,0.00245,0,55,1,312,3,1,12,1,0,0,0,0,0,2025-12-02
1,9.857,10.933,10.656,47.926,-0.21357,0,350,2,187,2,4,12,1,0,0,0,0,0,2025-12-05
2,17.429,11.833,10.311,43.799,0.34149,0,100,1,340,3,4,12,1,0,0,0,0,0,2025-12-05
3,4.0,3.867,3.656,4.878,0.0307,0,80,1,401,1,4,12,0,1,0,0,0,0,2025-12-05
4,5.0,4.333,3.767,4.575,0.04227,0,60,1,217,2,4,12,0,1,0,0,0,0,2025-12-05
5,5.571,4.833,4.033,4.075,0.01224,0,90,1,86,1,4,12,1,0,0,0,0,0,2025-12-05
6,0.857,0.9,0.778,0.852,0.0287,1,40,1,95,1,4,12,0,0,1,0,0,0,2025-12-05
7,0.429,0.767,0.733,0.875,-0.00334,1,20,1,460,1,4,12,0,0,0,0,1,0,2025-12-05
8,4.143,4.433,3.722,5.426,0.01669,0,70,1,248,2,4,12,1,0,0,0,0,0,2025-12-05
9,0.857,0.567,0.556,0.737,0.03226,0,30,1,370,1,4,12,0,0,0,1,0,0,2025-12-05
10,5.714,4.567,4.222,4.875,0.04872,0,55,1,309,2,4,12,1,0,0,0,0,0,2025-12-05
1,10.857,10.0,10.822,41.379,-0.12325,0,350,2,184,2,0,12,1,0,0,0,0,0,2025-12-08
2,17.0,11.633,10.444,41.275,0.36418,0,100,1,337,4,0,12,1,0,0,0,0,0,2025-12-08
3,5.429,4.033,3.767,5.275,0.06696,0,80,1,398,1,0,12,0,1,0,0,0,0,2025-12-08
4,5.429,4.233,3.789,5.357,0.08699,0,60,1,214,2,0,12,0,1,0,0,0,0,2025-12-08
5,4.857,4.5,4.033,4.052,0.02336,0,90,1,83,2,0,12,1,0,0,0,0,0,2025-12-08
6,1.0,1.0,0.789,0.828,0.01157,0,40,1,92,1,0,12,0,0,1,0,0,0,2025-12-08
7,0.286,0.733,0.744,0.892,-0.0129,1,20,1,457,1,0,12,0,0,0,0,1,0,2025-12-08
8,4.857,4.433,3.8,4.737,-0.01268,0,70,1,245,2,0,12,1,0,0,0,0,0,2025-12-08
9,1.286,0.667,0.578,0.782,0.0267,1,30,1,367,1,0,12,0,0,0,1,0,0,2025-12-08
10,5.0,4.267,4.178,5.237,0.02536,0,55,1,306,2,0,12,1,0,0,0,0,0,2025-12-08
1,13.0,10.533,11.178,48.189,0.10723,0,350,2,181,3,3,12,1,0,0,0,0,0,2025-12-11
2,14.714,12.067,10.489,40.271,0.33504,0,100,1,334,3,3,12,1,0,0,0,0,0,2025-12-11
3,6.0,4.333,3.844,5.333,0.06496,0,80,1,395,1,3,12,0,1,0,0,0,0,2025-12-11
4,5.714,4.733,3.833,4.409,0.03604,0,60,1,211,2,3,12,0,1,0,0,0,0,2025-12-11
5,4.286,4.667,4.067,3.609,-0.03515,0,90,1,80,2,3,12,1,0,0,0,0,0,2025-12-11
6,0.571,0.967,0.767,0.792,-0.0069,1,40,1,89,0,3,12,0,0,1,0,0,0,2025-12-11
7,0.143,0.633,0.711,0.861,-0.01935,4,20,1,454,1,3,12,0,0,0,0,1,0,2025-12-11
8,4.0,4.5,3.789,4.121,-0.04828,0,70,1,242,2,3,12,1,0,0,0,0,0,2025-12-11
9,1.0,0.7,0.589,0.769,0.00645,0,30,1,364,1,3,12,0,0,0,1,0,0,2025-12-11
10,4.714,4.5,4.233,4.603,0.03893,0,55,1,303,3,3,12,1,0,0,0,0,0,2025-12-11
1,14.0,10.167,11.411,43.799,0.2792,0,350,2,178,2,6,12,1,0,0,0,0,0,2025-12-14
2,15.286,13.2,10.722,41.407,0.30701,0,100,1,331,4,6,12,1,0,0,0,0,0,2025-12-14
3,4.714,4.3,3.844,6.217,0.05717,0,80,1,392,2,6,12,0,1,0,0,0,0,2025-12-14
4,3.857,4.5,3.778,5.5,0.01224,1,60,1,208,2,6,12,0,1,0,0,0,0,2025-12-14
5,4.0,4.467,4.111,2.878,0.01023,0,90,1,77,2,6,12,1,0,0,0,0,0,2025-12-14
6,0.429,0.833,0.756,0.833,-0.01669,4,40,1,86,0,6,12,0,0,1,0,0,0,2025-12-14
7,0.143,0.633,0.711,0.861,-0.03048,0,20,1,451,1,6,12,0,0,0,0,1,0,2025-12-14
8,3.714,4.367,3.8,4.516,-0.04116,0,70,1,239,1,6,12,1,0,0,0,0,0,2025-12-14
9,0.286,0.667,0.589,0.782,-0.00178,2,30,1,361,1,6,12,0,0,0,1,0,0,2025-12-14
10,5.286,4.6,4.367,4.869,0.06452,0,55,1,300,3,6,12,1,0,0,0,0,0,2025-12-14
1,13.0,10.8,11.444,46.993,0.18109,0,350,2,175,2,2,12,1,0,0,0,0,0,2025-12-17
2,16.286,14.167,10.967,34.42,0.18443,0,100,1,328,4,2,12,1,0,0,0,0,0,2025-12-17
3,4.714,4.533,3.844,5.637,0.02314,0,80,1,389,2,2,12,0,1,0,0,0,0,2025-12-17
4,4.714,4.633,3.844,5.826,0.0198,0,60,1,205,3,2,12,0,1,0,0,0,0,2025-12-17
5,5.0,4.733,4.178,2.685,0.01513,0,90,1,74,1,2,12,1,0,0,0,0,0,2025-12-17
6,0.0,0.8,0.756,0.855,-0.04227,7,40,1,83,0,2,12,0,0,1,0,0,0,2025-12-17
7,0.571,0.633,0.667,0.861,-0.01402,0,20,1,448,1,2,12,0,0,0,0,1,0,2025-12-17
8,3.286,4.2,3.767,4.097,-0.0574,0,70,1,236,2,2,12,1,0,0,0,0,0,2025-12-17
9,0.571,0.667,0.6,0.782,-0.00133,0,30,1,358,1,2,12,0,0,0,1,0,0,2025-12-17
10,5.286,4.7,4.367,4.631,0.04516,0,55,1,297,2,2,12,1,0,0,0,0,0,2025-12-17
1,10.857,11.167,11.578,44.626,0.14082,0,350,2,172,2,5,12,1,0,0,0,0,0,2025-12-20
2,16.286,14.8,11.244,32.924,0.16952,0,100,1,325,5,5,12,1,0,0,0,0,0,2025-12-20
3,5.429,4.733,3.956,6.409,0.09077,0,80,1,386,2,5,12,0,1,0,0,0,0,2025-12-20
4,4.143,4.633,3.9,5.826,0.00823,0,60,1,202,2,5,12,0,1,0,0,0,0,2025-12-20
5,5.571,4.7,4.156,2.907,0.02069,0,90,1,71,1,5,12,1,0,0,0,0,0,2025-12-20
6,0.143,0.767,0.756,0.875,-0.05317,1,40,1,80,0,5,12,0,0,1,0,0,0,2025-12-20
7,0.714,0.6,0.656,0.869,-0.01824,1,20,1,445,1,5,12,0,0,0,0,1,0,2025-12-20
8,4.0,4.233,3.856,4.737,0.00378,0,70,1,233,2,5,12,1,0,0,0,0,0,2025-12-20
9,1.0,0.7,0.644,0.7,0.03048,0,30,1,355,1,5,12,0,0,0,1,0,0,2025-12-20
10,5.0,4.867,4.367,4.74,0.0485,0,55,1,294,3,5,12,1,0,0,0,0,0,2025-12-20
1,11.429,11.133,11.733,43.154,0.14416,0,350,2,169,2,1,12,1,0,0,0,0,0,2025-12-23
2,12.286,14.1,11.144,42.3,-0.01713,0,100,1,322,4,1,12,1,0,0,0,0,0,2025-12-23
3,5.143,4.667,3.967,5.747,0.04049,0,80,1,383,2,1,12,0,1,0,0,0,0,2025-12-23
4,4.571,4.533,3.844,6.671,-0.01735,0,60,1,199,2,1,12,0,1,0,0,0,0,2025-12-23
5,4.286,4.5,4.222,2.948,-0.00156,0,90,1,68,1,1,12,1,0,0,0,0,0,2025-12-23
6,0.286,0.7,0.744,0.838,-0.05584,0,40,1,77,0,1,12,0,0,1,0,0,0,2025-12-23
7,0.571,0.633,0.633,0.861,-0.03671,2,20,1,442,1,1,12,0,0,0,0,1,0,2025-12-23
8,3.714,3.9,3.789,5.541,-0.03715,0,70,1,230,2,1,12,1,0,0,0,0,0,2025-12-23
9,1.0,0.7,0.644,0.7,0.0158,1,30,1,352,0,1,12,0,0,0,1,0,0,2025-12-23
10,4.714,4.7,4.378,5.321,0.02514,0,55,1,291,3,1,12,1,0,0,0,0,0,2025-12-23
1,13.429,12.167,11.789,38.833,0.10834,0,350,2,166,3,4,12,1,0,0,0,0,0,2025-12-26
2,11.429,14.667,11.489,38.437,-0.10768,0,100,1,319,4,4,12,1,0,0,0,0,0,2025-12-26
3,4.571,4.667,3.989,5.954,0.06941,0,80,1,380,1,4,12,0,1,0,0,0,0,2025-12-26
4,4.571,4.833,3.911,7.799,0.00067,0,60,1,196,2,4,12,0,1,0,0,0,0,2025-12-26
5,3.714,4.6,4.244,2.593,-0.03248,0,90,1,65,1,4,12,1,0,0,0,0,0,2025-12-26
6,0.714,0.667,0.756,0.782,-0.02358,0,40,1,74,0,4,12,0,0,1,0,0,0,2025-12-26
7,0.571,0.533,0.633,0.533,0.00044,0,20,1,439,1,4,12,0,0,0,0,1,0,2025-12-26
8,3.429,4.0,3.867,6.138,0.0129,0,70,1,227,2,4,12,1,0,0,0,0,0,2025-12-26
9,1.0,0.833,0.644,0.833,0.01135,1,30,1,349,0,4,12,0,0,0,1,0,0,2025-12-26
10,5.429,5.067,4.489,6.685,0.03915,0,55,1,288,3,4,12,1,0,0,0,0,0,2025-12-26
1,13.714,11.9,11.889,42.093,0.14394,0,350,2,163,2,0,12,1,0,0,0,0,0,2025-12-29
2,13.143,14.033,11.811,49.689,-0.1426,1,100,1,316,5,0,12,1,0,0,0,0,0,2025-12-29
3,5.143,4.933,4.033,6.133,0.02136,0,80,1,377,2,0,12,0,1,0,0,0,0,2025-12-29
4,5.143,4.667,4.0,7.885,-0.03515,0,60,1,193,3,0,12,0,1,0,0,0,0,2025-12-29
5,3.857,4.467,4.211,2.74,-0.05384,0,90,1,62,2,0,12,1,0,0,0,0,0,2025-12-29
6,0.857,0.533,0.744,0.602,-0.00712,2,40,1,71,0,0,12,0,0,1,0,0,0,2025-12-29
7,0.571,0.467,0.644,0.464,0.00756,2,20,1,436,1,0,12,0,0,0,0,1,0,2025-12-29
8,5.143,4.133,4.033,5.706,0.03604,0,70,1,224,1,0,12,1,0,0,0,0,0,2025-12-29
9,1.0,0.867,0.656,0.878,0.01068,1,30,1,346,0,0,12,0,0,0,1,0,0,2025-12-29
10,5.714,5.0,4.511,6.897,0.00712,0,55,1,285,2,0,12,1,0,0,0,0,0,2025-12-29
1,12.714,12.767,11.944,33.633,0.0723,0,350,2,160,2,3,1,1,0,0,0,0,0,2026-01-01
2,14.143,14.733,11.922,47.72,-0.19444,0,100,1,313,4,3,1,1,0,0,0,0,0,2026-01-01
3,5.429,5.267,4.111,5.513,-0.02314,0,80,1,374,2,3,1,0,1,0,0,0,0,2026-01-01
4,4.429,4.7,4.0,8.01,-0.0287,0,60,1,190,3,3,1,0,1,0,0,0,0,2026-01-01
5,3.857,4.433,4.167,2.737,-0.03893,0,90,1,59,2,3,1,1,0,0,0,0,0,2026-01-01
6,0.857,0.6,0.767,0.731,0.00934,1,40,1,68,1,3,1,0,0,1,0,0,0,2026-01-01
7,0.571,0.433,0.633,0.392,0.00957,1,20,1,433,1,3,1,0,0,0,0,1,0,2026-01-01
8,4.857,4.333,3.933,5.264,-0.02625,0,70,1,221,2,3,1,1,0,0,0,0,0,2026-01-01
9,0.714,0.933,0.644,0.892,-0.01201,1,30,1,343,1,3,1,0,0,0,1,0,0,2026-01-01
10,5.571,5.033,4.544,5.757,-0.00334,0,55,1,282,3,3,1,1,0,0,0,0,0,2026-01-01
1,12.429,12.6,11.922,37.352,-0.00356,0,350,2,157,3,6,1,1,0,0,0,0,0,2026-01-04
2,11.0,13.233,11.867,43.633,-0.10434,1,100,1,310,4,6,1,1,0,0,0,0,0,2026-01-04
3,4.714,5.067,4.189,6.271,-0.02047,1,80,1,371,2,6,1,0,1,0,0,0,0,2026-01-04
4,5.286,4.8,4.122,8.097,0.0267,0,60,1,187,2,6,1,0,1,0,0,0,0,2026-01-04
5,4.143,4.167,4.178,2.902,-0.01402,1,90,1,56,2,6,1,1,0,0,0,0,0,2026-01-04
6,1.0,0.6,0.778,0.593,0.02625,0,40,1,65,1,6,1,0,0,1,0,0,0,2026-01-04
7,0.286,0.433,0.611,0.392,0.00556,1,20,1,430,1,6,1,0,0,0,0,1,0,2026-01-04
8,5.143,4.3,4.056,5.252,0.06029,0,70,1,218,2,6,1,1,0,0,0,0,0,2026-01-04
9,0.571,0.8,0.633,0.717,0.00534,1,30,1,340,1,6,1,0,0,0,1,0,0,2026-01-04
10,4.0,4.733,4.489,5.926,0.00578,0,55,1,279,3,6,1,1,0,0,0,0,0,2026-01-04
1,11.286,12.833,11.867,37.04,-0.13281,0,350,2,154,3,2,1,1,0,0,0,0,0,2026-01-07
2,12.857,13.667,11.911,43.402,-0.09878,0,100,1,307,4,2,1,1,0,0,0,0,0,2026-01-07
3,4.286,4.867,4.178,6.809,-0.02937,0,80,1,368,2,2,1,0,1,0,0,0,0,2026-01-07
4,5.143,4.6,4.133,7.766,0.004,0,60,1,184,2,2,1,0,1,0,0,0,0,2026-01-07
5,3.857,4.233,4.178,2.737,-0.03181,0,90,1,53,1,2,1,1,0,0,0,0,0,2026-01-07
6,0.429,0.5,0.756,0.534,0.02336,3,40,1,62,1,2,1,0,0,1,0,0,0,2026-01-07
7,0.857,0.567,0.611,0.599,0.02558,0,20,1,427,1,2,1,0,0,0,0,1,0,2026-01-07
8,4.714,4.233,4.011,5.082,0.02469,0,70,1,215,2,2,1,1,0,0,0,0,0,2026-01-07
9,0.429,0.733,0.622,0.685,0.00178,2,30,1,337,1,2,1,0,0,0,1,0,0,2026-01-07
10,3.571,4.8,4.456,6.234,-0.07653,0,55,1,276,3,2,1,1,0,0,0,0,0,2026-01-07
1,11.0,12.4,11.989,29.972,0.01869,0,350,2,151,2,5,1,1,0,0,0,0,0,2026-01-10
2,12.286,13.633,11.967,45.275,-0.11235,0,100,1,304,4,5,1,1,0,0,0,0,0,2026-01-10
3,3.857,4.833,4.2,6.42,-0.00289,0,80,1,365,2,5,1,0,1,0,0,0,0,2026-01-10
4,5.143,4.733,4.278,7.857,0.06941,0,60,1,181,3,5,1,0,1,0,0,0,0,2026-01-10
5,4.286,4.433,4.2,3.013,-0.00512,0,90,1,50,1,5,1,1,0,0,0,0,0,2026-01-10
6,0.857,0.6,0.756,0.593,0.03471,0,40,1,59,1,5,1,0,0,1,0,0,0,2026-01-10
7,0.857,0.6,0.622,0.593,0.0089,1,20,1,424,1,5,1,0,0,0,0,1,0,2026-01-10
8,3.857,4.3,4.0,4.907,0.0287,0,70,1,212,2,5,1,1,0,0,0,0,0,2026-01-10
9,0.714,0.833,0.656,0.764,0.00334,0,30,1,334,1,5,1,0,0,0,1,0,0,2026-01-10
10,3.143,4.6,4.422,6.317,-0.0614,0,55,1,273,2,5,1,1,0,0,0,0,0,2026-01-10
1,13.571,12.267,12.022,33.789,0.0267,0,350,2,148,2,1,1,1,0,0,0,0,0,2026-01-13
2,13.571,13.1,12.033,41.955,-0.04383,0,100,1,301,4,1,1,1,0,0,0,0,0,2026-01-13
3,4.571,4.767,4.244,5.702,-0.0465,0,80,1,362,1,1,1,0,1,0,0,0,0,2026-01-13
4,5.0,4.767,4.289,6.737,0.0109,0,60,1,178,3,1,1,0,1,0,0,0,0,2026-01-13
5,5.143,4.367,4.233,3.344,-0.00779,0,90,1,47,1,1,1,1,0,0,0,0,0,2026-01-13
6,1.143,0.733,0.778,0.754,0.0356,0,40,1,56,1,1,1,0,0,1,0,0,0,2026-01-13
7,0.286,0.567,0.6,0.599,-0.00823,4,20,1,421,1,1,1,0,0,0,0,1,0,2026-01-13
8,3.143,4.067,3.9,5.099,-0.02358,0,70,1,209,2,1,1,1,0,0,0,0,0,2026-01-13
9,0.714,0.833,0.644,0.764,-0.01669,2,30,1,331,1,1,1,0,0,0,1,0,0,2026-01-13
10,4.143,4.4,4.467,6.248,-0.05295,0,55,1,270,2,1,1,1,0,0,0,0,0,2026-01-13
1,14.571,12.9,12.044,29.955,0.08209,0,350,2,145,3,4,1,1,0,0,0,0,0,2026-01-16
2,13.429,12.933,12.011,42.892,0.00801,0,100,1,298,4,4,1,1,0,0,0,0,0,2026-01-16
3,3.429,4.567,4.144,6.254,-0.08699,0,80,1,359,1,4,1,0,1,0,0,0,0,2026-01-16
4,4.857,4.767,4.344,5.633,0.02959,0,60,1,175,2,4,1,0,1,0,0,0,0,2026-01-16
5,4.0,4.167,4.289,3.454,0.02247,0,90,1,44,1,4,1,1,0,0,0,0,0,2026-01-16
6,0.714,0.733,0.756,0.754,0.00623,3,40,1,53,1,4,1,0,0,1,0,0,0,2026-01-16
7,0.286,0.533,0.589,0.533,0.00267,0,20,1,418,1,4,1,0,0,0,0,1,0,2026-01-16
8,4.143,4.4,4.033,5.628,-0.00667,0,70,1,206,2,4,1,1,0,0,0,0,0,2026-01-16
9,0.429,0.767,0.611,0.806,-0.03582,5,30,1,328,1,4,1,0,0,0,1,0,0,2026-01-16
10,4.143,4.3,4.422,6.976,-0.0634,1,55,1,267,3,4,1,1,0,0,0,0,0,2026-01-16
1,13.0,12.333,11.844,36.161,-0.07297,0,350,2,142,3,0,1,1,0,0,0,0,0,2026-01-19
2,10.143,11.733,12.033,50.202,-0.03826,1,100,1,295,3,0,1,1,0,0,0,0,0,2026-01-19
3,3.571,4.2,4.089,6.097,-0.04583,1,80,1,356,2,0,1,0,1,0,0,0,0,2026-01-19
4,4.857,4.8,4.4,5.476,0.01824,0,60,1,172,2,0,1,0,1,0,0,0,0,2026-01-19
5,3.857,4.067,4.289,3.237,0.02314,0,90,1,41,2,0,1,1,0,0,0,0,0,2026-01-19
6,0.571,0.733,0.733,0.754,-0.01023,2,40,1,50,1,0,1,0,0,1,0,0,0,2026-01-19
7,0.571,0.567,0.578,0.53,0.00067,0,20,1,415,1,0,1,0,0,0,0,1,0,2026-01-19
8,4.429,4.1,4.1,5.472,0.00467,0,70,1,203,2,0,1,1,0,0,0,0,0,2026-01-19
9,0.429,0.7,0.633,0.769,-0.01179,0,30,1,325,1,0,1,0,0,0,1,0,0,2026-01-19
10,3.714,4.033,4.411,7.344,-0.05984,1,55,1,264,2,0,1,1,0,0,0,0,0,2026-01-19
1,9.429,12.433,11.978,36.047,-0.11324,0,350,2,139,3,3,1,1,0,0,0,0,0,2026-01-22
2,8.857,12.433,12.067,42.599,-0.15017,0,100,1,292,4,3,1,1,0,0,0,0,0,2026-01-22
3,3.714,4.333,4.122,5.816,-0.07208,0,80,1,353,2,3,1,0,1,0,0,0,0,2026-01-22
4,4.286,4.833,4.389,4.557,-0.0376,0,60,1,169,2,3,1,0,1,0,0,0,0,2026-01-22
5,4.429,4.267,4.356,3.582,0.01602,0,90,1,38,2,3,1,1,0,0,0,0,0,2026-01-22
6,0.286,0.733,0.711,0.754,-0.0267,1,40,1,47,1,3,1,0,0,1,0,0,0,2026-01-22
7,0.429,0.533,0.556,0.533,-0.01424,3,20,1,412,1,3,1,0,0,0,0,1,0,2026-01-22
8,4.571,4.467,4.178,4.74,-0.04182,0,70,1,200,2,3,1,1,0,0,0,0,0,2026-01-22
9,1.0,0.8,0.678,0.786,-0.0089,0,30,1,322,1,3,1,0,0,0,1,0,0,2026-01-22
10,4.0,4.333,4.422,7.747,-0.03382,0,55,1,261,2,3,1,1,0,0,0,0,0,2026-01-22
1,11.714,12.133,11.989,38.602,-0.02981,0,350,2,136,2,6,1,1,0,0,0,0,0,2026-01-25
2,8.857,11.7,12.067,43.252,-0.1822,0,100,1,289,4,6,1,1,0,0,0,0,0,2026-01-25
3,3.714,4.233,4.156,5.84,-0.0505,0,80,1,350,2,6,1,0,1,0,0,0,0,2026-01-25
4,3.714,4.567,4.444,4.254,-0.01402,1,60,1,166,3,6,1,0,1,0,0,0,0,2026-01-25
5,4.143,4.2,4.389,4.234,0.00534,1,90,1,35,2,6,1,1,0,0,0,0,0,2026-01-25
6,0.429,0.667,0.722,0.713,-0.01513,1,40,1,44,1,6,1,0,0,1,0,0,0,2026-01-25
7,0.286,0.467,0.556,0.464,-0.00801,1,20,1,409,0,6,1,0,0,0,0,1,0,2026-01-25
8,4.571,4.367,4.244,5.413,-0.01713,1,70,1,197,2,6,1,1,0,0,0,0,0,2026-01-25
9,0.714,0.667,0.678,0.644,-0.01112,3,30,1,319,1,6,1,0,0,0,1,0,0,2026-01-25
10,3.571,3.833,4.389,6.213,-0.02024,0,55,1,258,2,6,1,1,0,0,0,0,0,2026-01-25
1,11.714,12.133,11.967,40.947,-0.04093,0,350,2,133,2,2,1,1,0,0,0,0,0,2026-01-28
2,8.571,11.533,11.967,36.602,-0.23671,0,100,1,286,3,2,1,1,0,0,0,0,0,2026-01-28
3,4.571,4.267,4.222,5.651,-0.0089,0,80,1,347,1,2,1,0,1,0,0,0,0,2026-01-28
4,3.571,4.567,4.378,4.806,-0.07364,0,60,1,163,2,2,1,0,1,0,0,0,0,2026-01-28
5,4.286,4.367,4.389,4.654,0.002,0,90,1,32,1,2,1,1,0,0,0,0,0,2026-01-28
6,0.429,0.667,0.711,0.713,-0.02803,1,40,1,41,1,2,1,0,0,1,0,0,0,2026-01-28
7,0.429,0.5,0.567,0.534,-0.0069,1,20,1,406,0,2,1,0,0,0,0,1,0,2026-01-28
8,4.286,4.2,4.256,5.476,-0.00801,0,70,1,194,2,2,1,1,0,0,0,0,0,2026-01-28
9,0.571,0.667,0.656,0.575,0.00267,0,30,1,316,1,2,1,0,0,0,1,0,0,2026-01-28
10,4.429,3.933,4.378,6.754,0.00979,0,55,1,255,2,2,1,1,0,0,0,0,0,2026-01-28
1,12.143,12.2,12.067,41.545,0.08676,0,350,2,130,3,5,1,1,0,0,0,0,0,2026-01-31
2,12.429,11.567,12.211,37.771,-0.02603,0,100,1,283,4,5,1,1,0,0,0,0,0,2026-01-31
3,4.857,4.167,4.311,5.385,0.02959,0,80,1,344,1,5,1,0,1,0,0,0,0,2026-01-31
4,4.143,4.733,4.533,5.444,-0.02848,0,60,1,160,2,5,1,0,1,0,0,0,0,2026-01-31
5,3.429,4.2,4.367,4.993,-0.01424,0,90,1,29,1,5,1,1,0,0,0,0,0,2026-01-31
6,0.286,0.567,0.678,0.599,-0.01802,0,40,1,38,0,5,1,0,0,1,0,0,0,2026-01-31
7,0.714,0.567,0.6,0.599,-0.00245,1,20,1,403,1,5,1,0,0,0,0,1,0,2026-01-31
8,2.857,4.133,4.233,5.499,-0.04227,0,70,1,191,1,5,1,1,0,0,0,0,0,2026-01-31
9,0.571,0.633,0.667,0.516,-0.00378,2,30,1,313,0,5,1,0,0,0,1,0,0,2026-01-31
10,4.0,3.833,4.411,6.626,0.03359,0,55,1,252,2,5,1,1,0,0,0,0,0,2026-01-31
1,12.0,12.033,11.856,41.551,-0.02425,0,350,2,127,2,1,2,1,0,0,0,0,0,2026-02-03
2,12.286,11.4,12.156,36.386,-0.14594,0,100,1,280,4,1,2,1,0,0,0,0,0,2026-02-03
3,4.714,4.133,4.356,4.326,0.03204,0,80,1,341,1,1,2,0,1,0,0,0,0,2026-02-03
4,5.429,4.467,4.533,5.223,0.00267,0,60,1,157,2,1,2,0,1,0,0,0,0,2026-02-03
5,3.571,4.167,4.389,5.178,-0.0376,0,90,1,26,1,1,2,1,0,0,0,0,0,2026-02-03
6,0.429,0.533,0.678,0.533,-0.00712,0,40,1,35,0,1,2,0,0,1,0,0,0,2026-02-03
7,1.143,0.7,0.633,0.769,0.01313,0,20,1,400,1,1,2,0,0,0,0,1,0,2026-02-03
8,3.0,3.767,4.167,5.22,-0.01713,0,70,1,188,1,1,2,1,0,0,0,0,0,2026-02-03
9,0.429,0.6,0.656,0.524,-0.00801,1,30,1,310,0,1,2,0,0,0,1,0,0,2026-02-03
10,4.714,3.9,4.4,6.507,0.04205,0,55,1,249,2,1,2,1,0,0,0,0,0,2026-02-03
1,9.571,11.767,11.533,40.944,-0.14394,0,350,2,124,2,4,2,1,0,0,0,0,0,2026-02-06
2,11.714,11.3,12.2,35.597,0.00245,0,100,1,277,3,4,2,1,0,0,0,0,0,2026-02-06
3,4.143,4.2,4.367,4.028,0.02492,0,80,1,338,2,4,2,0,1,0,0,0,0,2026-02-06
4,5.0,4.7,4.511,4.562,-0.01624,0,60,1,154,3,4,2,0,1,0,0,0,0,2026-02-06
5,4.143,4.233,4.322,5.013,-0.03404,0,90,1,23,1,4,2,1,0,0,0,0,0,2026-02-06
6,0.571,0.567,0.689,0.53,-0.02247,1,40,1,32,0,4,2,0,0,1,0,0,0,2026-02-06
7,1.143,0.633,0.644,0.654,0.03893,1,20,1,397,1,4,2,0,0,0,0,1,0,2026-02-06
8,3.143,3.833,4.167,5.247,-0.03493,0,70,1,185,2,4,2,1,0,0,0,0,0,2026-02-06
9,0.143,0.567,0.656,0.53,-0.02425,4,30,1,307,0,4,2,0,0,0,1,0,0,2026-02-06
10,4.429,4.067,4.378,5.857,0.03471,0,55,1,246,2,4,2,1,0,0,0,0,0,2026-02-06
1,8.714,11.1,11.344,42.438,-0.1644,0,350,2,121,2,0,2,1,0,0,0,0,0,2026-02-09
2,12.143,10.933,12.211,36.685,-0.00756,0,100,1,274,4,0,2,1,0,0,0,0,0,2026-02-09
3,3.571,3.967,4.378,3.964,0.02781,0,80,1,335,2,0,2,0,1,0,0,0,0,2026-02-09
4,4.143,4.233,4.567,4.461,-0.01046,0,60,1,151,2,0,2,0,1,0,0,0,0,2026-02-09
5,4.286,3.933,4.344,4.616,-0.01557,0,90,1,20,2,0,2,1,0,0,0,0,0,2026-02-09
6,0.571,0.5,0.689,0.466,-0.00378,0,40,1,29,0,0,2,0,0,1,0,0,0,2026-02-09
7,1.0,0.633,0.622,0.654,0.02736,0,20,1,394,1,0,2,0,0,0,0,1,0,2026-02-09
8,2.571,3.5,4.1,6.052,-0.0634,2,70,1,182,2,0,2,1,0,0,0,0,0,2026-02-09
9,0.571,0.567,0.7,0.461,0.00601,0,30,1,304,0,0,2,0,0,0,1,0,0,2026-02-09
10,4.429,4.033,4.378,5.551,0.02336,0,55,1,243,2,0,2,1,0,0,0,0,0,2026-02-09
1,10.571,11.333,11.256,39.954,-0.10456,0,350,2,118,3,3,2,1,0,0,0,0,0,2026-02-12
2,8.571,10.233,12.178,38.254,-0.07675,0,100,1,271,3,3,2,1,0,0,0,0,0,2026-02-12
3,3.714,3.967,4.344,3.689,0.00156,0,80,1,332,2,3,2,0,1,0,0,0,0,2026-02-12
4,4.286,4.5,4.589,4.534,-0.00111,0,60,1,148,2,3,2,0,1,0,0,0,0,2026-02-12
5,4.0,4.033,4.289,4.309,0.00378,0,90,1,17,2,3,2,1,0,0,0,0,0,2026-02-12
6,0.571,0.433,0.667,0.254,0.01713,0,40,1,26,0,3,2,0,0,1,0,0,0,2026-02-12
7,0.429,0.7,0.633,0.7,0.01491,0,20,1,391,1,3,2,0,0,0,0,1,0,2026-02-12
8,2.571,3.633,4.022,6.033,-0.11502,0,70,1,179,2,3,2,1,0,0,0,0,0,2026-02-12
9,0.857,0.6,0.7,0.524,0.00222,2,30,1,301,0,3,2,0,0,0,1,0,0,2026-02-12
10,4.857,4.267,4.422,5.857,0.05028,0,55,1,240,3,3,2,1,0,0,0,0,0,2026-02-12
1,12.857,11.1,11.6,36.921,0.09455,0,350,2,115,2,6,2,1,0,0,0,0,0,2026-02-15
2,7.143,9.933,12.344,37.995,0.00667,0,100,1,268,3,6,2,1,0,0,0,0,0,2026-02-15
3,4.0,4.2,4.433,3.545,-0.01068,0,80,1,329,2,6,2,0,1,0,0,0,0,2026-02-15
4,4.429,4.367,4.589,5.551,0.0069,1,60,1,145,2,6,2,0,1,0,0,0,0,2026-02-15
5,4.0,3.933,4.278,4.202,-0.01824,0,90,1,14,2,6,2,1,0,0,0,0,0,2026-02-15
6,0.714,0.5,0.678,0.259,0.01135,1,40,1,23,0,6,2,0,0,1,0,0,0,2026-02-15
7,0.571,0.667,0.611,0.713,0.00712,1,20,1,388,1,6,2,0,0,0,0,1,0,2026-02-15
8,2.286,3.233,3.944,5.151,-0.08031,0,70,1,176,1,6,2,1,0,0,0,0,0,2026-02-15
9,0.571,0.633,0.689,0.516,-0.0158,1,30,1,298,0,6,2,0,0,0,1,0,0,2026-02-15
10,5.0,4.333,4.444,6.782,0.0356,1,55,1,237,2,6,2,1,0,0,0,0,0,2026-02-15
1,13.0,11.467,11.656,34.257,-0.03737,0,350,2,112,2,2,2,1,0,0,0,0,0,2026-02-18
2,10.714,10.6,12.378,33.628,-0.05206,0,100,1,265,3,2,2,1,0,0,0,0,0,2026-02-18
3,4.143,4.133,4.356,3.085,-0.04004,0,80,1,326,1,2,2,0,1,0,0,0,0,2026-02-18
4,3.429,4.167,4.533,6.282,-0.01313,0,60,1,142,2,2,2,0,1,0,0,0,0,2026-02-18
5,4.143,4.1,4.289,4.852,0.00423,0,90,1,11,1,2,2,1,0,0,0,0,0,2026-02-18
6,1.143,0.633,0.711,0.447,0.03003,0,40,1,20,0,2,2,0,0,1,0,0,0,2026-02-18
7,0.857,0.7,0.622,0.769,0.01268,0,20,1,385,1,2,2,0,0,0,0,1,0,2026-02-18
8,3.0,3.333,3.889,5.402,-0.06763,0,70,1,173,1,2,2,1,0,0,0,0,0,2026-02-18
9,0.143,0.533,0.644,0.464,-0.01958,4,30,1,295,0,2,2,0,0,0,1,0,0,2026-02-18
10,4.143,4.3,4.4,6.838,-0.01891,0,55,1,234,2,2,2,1,0,0,0,0,0,2026-02-18
1,12.143,11.767,11.778,35.978,0.0416,0,350,2,109,2,5,2,1,0,0,0,0,0,2026-02-21
2,9.143,10.0,12.178,36.207,-0.05829,0,100,1,262,3,5,2,1,0,0,0,0,0,2026-02-21
3,3.571,4.133,4.378,3.016,-0.02981,0,80,1,323,1,5,2,0,1,0,0,0,0,2026-02-21
4,3.143,4.267,4.544,6.892,-0.01602,0,60,1,139,3,5,2,0,1,0,0,0,0,2026-02-21
5,4.286,4.033,4.267,4.447,0.02825,0,90,1,8,1,5,2,1,0,0,0,0,0,2026-02-21
6,1.0,0.667,0.7,0.506,0.02492,0,40,1,17,0,5,2,0,0,1,0,0,0,2026-02-21
7,0.571,0.733,0.633,0.754,-0.00934,1,20,1,382,1,5,2,0,0,0,0,1,0,2026-02-21
8,3.0,3.067,3.811,4.892,-0.0485,0,70,1,170,1,5,2,1,0,0,0,0,0,2026-02-21
9,0.286,0.467,0.656,0.464,0.00178,0,30,1,292,0,5,2,0,0,0,1,0,0,2026-02-21
10,2.571,4.0,4.344,5.655,0.00623,0,55,1,231,2,5,2,1,0,0,0,0,0,2026-02-21
1,11.571,11.133,11.811,36.878,-0.00667,0,350,2,106,2,1,2,1,0,0,0,0,0,2026-02-24
2,8.286,10.233,12.2,38.599,-0.10478,0,100,1,259,3,1,2,1,0,0,0,0,0,2026-02-24
3,4.0,4.1,4.333,3.472,-0.02558,0,80,1,320,1,1,2,0,1,0,0,0,0,2026-02-24
4,4.286,4.2,4.533,6.234,-0.03426,0,60,1,136,2,1,2,0,1,0,0,0,0,2026-02-24
5,4.714,4.1,4.3,4.024,0.02959,0,90,1,5,1,1,2,1,0,0,0,0,0,2026-02-24
6,0.714,0.6,0.644,0.524,0.01335,3,40,1,14,0,1,2,0,0,1,0,0,0,2026-02-24
7,0.429,0.733,0.578,0.754,-0.02492,0,20,1,379,1,1,2,0,0,0,0,1,0,2026-02-24
8,3.0,2.867,3.744,3.844,-0.0178,0,70,1,167,1,1,2,1,0,0,0,0,0,2026-02-24
9,0.286,0.467,0.656,0.464,-0.01691,3,30,1,289,0,1,2,0,0,0,1,0,0,2026-02-24
10,4.286,4.267,4.389,5.857,-0.02269,0,55,1,228,3,1,2,1,0,0,0,0,0,2026-02-24
1,10.571,11.3,11.778,37.321,0.04427,0,350,2,103,3,4,2,1,0,0,0,0,0,2026-02-27
2,12.0,10.667,12.078,35.057,-0.08142,0,100,1,256,3,4,2,1,0,0,0,0,0,2026-02-27
3,3.857,3.9,4.367,2.852,-0.01446,0,80,1,317,2,4,2,0,1,0,0,0,0,2026-02-27
4,3.286,4.267,4.5,5.582,-0.07208,0,60,1,133,2,4,2,0,1,0,0,0,0,2026-02-27
5,4.286,4.033,4.289,3.482,0.05139,0,90,1,2,1,4,2,1,0,0,0,0,0,2026-02-27
6,0.571,0.633,0.611,0.516,0.00823,1,40,1,11,0,4,2,0,0,1,0,0,0,2026-02-27
7,0.429,0.733,0.567,0.685,-0.02803,1,20,1,376,1,4,2,0,0,0,0,1,0,2026-02-27
8,3.286,2.933,3.756,4.133,0.0267,0,70,1,164,1,4,2,1,0,0,0,0,0,2026-02-27
9,0.571,0.433,0.656,0.53,-0.00156,1,30,1,286,1,4,2,0,0,0,1,0,0,2026-02-27
10,4.143,4.133,4.356,5.016,-0.01958,0,55,1,225,3,4,2,1,0,0,0,0,0,2026-02-27
1,10.429,10.267,11.744,37.375,0.03115,0,350,2,100,2,0,3,1,0,0,0,0,0,2026-03-02
2,12.286,9.9,12.067,33.197,0.03181,0,100,1,253,3,0,3,1,0,0,0,0,0,2026-03-02
3,3.857,3.767,4.4,2.875,-0.0069,0,80,1,314,2,0,3,0,1,0,0,0,0,2026-03-02
4,2.857,3.733,4.389,5.513,-0.07297,2,60,1,130,2,0,3,0,1,0,0,0,0,2026-03-02
5,3.143,3.833,4.156,4.144,-0.02647,0,0,0,0,1,0,3,1,0,0,0,0,0,2026-03-02
6,0.429,0.633,0.6,0.516,-0.00378,0,40,1,8,0,0,3,0,0,1,0,0,0,2026-03-02
7,0.429,0.633,0.544,0.654,-0.03448,4,20,1,373,0,0,3,0,0,0,0,1,0,2026-03-02
8,3.429,2.9,3.789,4.3,0.02158,0,70,1,161,2,0,3,1,0,0,0,0,0,2026-03-02
9,0.429,0.433,0.667,0.53,-0.00556,2,30,1,283,1,0,3,0,0,0,1,0,0,2026-03-02
10,4.143,4.067,4.311,5.168,-0.03737,0,55,1,222,2,0,3,1,0,0,0,0,0,2026-03-02
1,9.0,10.567,11.733,37.564,0.00067,0,350,2,97,2,3,3,1,0,0,0,0,0,2026-03-05
2,12.429,10.667,11.767,33.54,0.05784,0,100,1,250,3,3,3,1,0,0,0,0,0,2026-03-05
3,3.714,3.767,4.322,2.875,0.00334,0,80,1,311,2,3,3,0,1,0,0,0,0,2026-03-05
4,3.286,3.8,4.356,5.338,-0.05206,0,60,1,127,2,3,3,0,1,0,0,0,0,2026-03-05
5,3.143,4.0,4.111,4.69,-0.02136,0,0,0,0,2,3,3,1,0,0,0,0,0,2026-03-05
6,0.286,0.6,0.578,0.524,-0.0089,1,40,1,5,0,3,3,0,0,1,0,0,0,2026-03-05
7,0.0,0.467,0.533,0.464,-0.02403,7,20,1,370,0,3,3,0,0,0,0,1,0,2026-03-05
8,3.714,3.067,3.711,4.34,0.04271,0,70,1,158,2,3,3,1,0,0,0,0,0,2026-03-05
9,0.286,0.433,0.611,0.53,-0.00957,1,30,1,280,1,3,3,0,0,0,1,0,0,2026-03-05
10,4.143,4.1,4.244,5.059,-0.02158,0,55,1,219,2,3,3,1,0,0,0,0,0,2026-03-05
1,8.714,10.5,11.7,45.569,-0.13103,1,350,2,94,2,6,3,1,0,0,0,0,0,2026-03-08
2,12.143,10.3,11.756,34.493,0.15017,0,100,1,247,3,6,3,1,0,0,0,0,0,2026-03-08
3,3.571,3.6,4.222,2.8,-0.00801,0,80,1,308,1,6,3,0,1,0,0,0,0,2026-03-08
4,3.286,3.567,4.289,5.357,-0.03315,0,60,1,124,1,6,3,0,1,0,0,0,0,2026-03-08
5,3.714,3.833,4.1,4.695,-0.02514,0,0,0,0,2,6,3,1,0,0,0,0,0,2026-03-08
6,1.0,0.733,0.6,0.754,0.00311,1,40,1,2,1,6,3,0,0,1,0,0,0,2026-03-08
7,0.143,0.4,0.533,0.386,-0.01379,1,20,1,367,1,6,3,0,0,0,0,1,0,2026-03-08
8,4.143,3.133,3.733,4.395,0.07742,0,70,1,155,1,6,3,1,0,0,0,0,0,2026-03-08
9,0.571,0.533,0.611,0.602,-0.00934,0,30,1,277,1,6,3,0,0,0,1,0,0,2026-03-08
10,4.571,4.133,4.333,5.292,0.00712,0,55,1,216,2,6,3,1,0,0,0,0,0,2026-03-08
