inventory_stock_id,medication_id,days_to_expiry,quantity_on_hand,avg_daily_usage_30d,days_to_deplete,expiry_buffer_days,usage_to_quantity_ratio,waste_risk_score,medication_unit_value,num_lots_same_med,snapshot_date
1,1,367,150,7.4,20.27,346.73,0.04933,0.2044,0.5,2,2025-06-08
2,1,459,200,7.4,27.03,431.97,0.037,0.2179,0.5,2,2025-06-08
3,2,520,100,8.933,11.19,508.81,0.08933,0.0962,0.5,1,2025-06-08
4,3,581,80,2.8,28.57,552.43,0.035,0.1377,1.0,1,2025-06-08
5,4,397,60,3.9,15.38,381.62,0.065,0.2267,1.5,1,2025-06-08
6,5,266,90,3.733,24.11,241.89,0.04148,0.406,1.2,1,2025-06-08
7,6,275,40,0.567,70.59,204.41,0.01417,0.2909,2.0,1,2025-06-08
8,7,640,20,0.467,42.86,597.14,0.02333,0.0938,3.0,1,2025-06-08
9,8,428,70,3.167,22.11,405.89,0.04524,0.1636,1.0,1,2025-06-08
10,9,550,30,0.6,50.0,500.0,0.02,0.2182,4.0,1,2025-06-08
11,10,489,55,3.0,18.33,470.67,0.05455,0.2812,2.5,1,2025-06-08
1,1,364,150,7.8,19.23,344.77,0.052,0.206,0.5,2,2025-06-11
2,1,456,200,7.8,25.64,430.36,0.039,0.2193,0.5,2,2025-06-11
3,2,517,100,8.9,11.24,505.76,0.089,0.0967,0.5,1,2025-06-11
4,3,578,80,2.9,27.59,550.41,0.03625,0.1384,1.0,1,2025-06-11
5,4,394,60,3.733,16.07,377.93,0.06222,0.2284,1.5,1,2025-06-11
6,5,263,90,3.567,25.23,237.77,0.03963,0.4106,1.2,1,2025-06-11
7,6,272,40,0.533,75.0,197.0,0.01333,0.2941,2.0,1,2025-06-11
8,7,637,20,0.533,37.5,599.5,0.02667,0.0942,3.0,1,2025-06-11
9,8,425,70,3.0,23.33,401.67,0.04286,0.1647,1.0,1,2025-06-11
10,9,547,30,0.6,50.0,497.0,0.02,0.2194,4.0,1,2025-06-11
11,10,486,55,3.1,17.74,468.26,0.05636,0.2829,2.5,1,2025-06-11
1,1,361,150,7.4,20.27,340.73,0.04933,0.2078,0.5,2,2025-06-14
2,1,453,200,7.4,27.03,425.97,0.037,0.2208,0.5,2,2025-06-14
3,2,514,100,8.233,12.15,501.85,0.08233,0.0973,0.5,1,2025-06-14
4,3,575,80,3.0,26.67,548.33,0.0375,0.1391,1.0,1,2025-06-14
5,4,391,60,3.7,16.22,374.78,0.06167,0.2302,1.5,1,2025-06-14
6,5,260,90,3.233,27.84,232.16,0.03593,0.4154,1.2,1,2025-06-14
7,6,269,40,0.433,92.31,176.69,0.01083,0.2974,2.0,1,2025-06-14
8,7,634,20,0.6,33.33,600.67,0.03,0.0946,3.0,1,2025-06-14
9,8,422,70,2.9,24.14,397.86,0.04143,0.1659,1.0,1,2025-06-14
10,9,544,30,0.467,64.29,479.71,0.01556,0.2206,4.0,1,2025-06-14
11,10,483,55,3.067,17.93,465.07,0.05576,0.2847,2.5,1,2025-06-14
1,1,358,150,7.133,21.03,336.97,0.04756,0.2095,0.5,2,2025-06-17
2,1,450,200,7.133,28.04,421.96,0.03567,0.2222,0.5,2,2025-06-17
3,2,511,100,8.033,12.45,498.55,0.08033,0.0978,0.5,1,2025-06-17
4,3,572,80,3.033,26.37,545.63,0.03792,0.1399,1.0,1,2025-06-17
5,4,388,60,3.733,16.07,371.93,0.06222,0.232,1.5,1,2025-06-17
6,5,257,90,3.333,27.0,230.0,0.03704,0.4202,1.2,1,2025-06-17
7,6,266,40,0.467,85.71,180.29,0.01167,0.3008,2.0,1,2025-06-17
8,7,631,20,0.6,33.33,597.67,0.03,0.0951,3.0,1,2025-06-17
9,8,419,70,3.033,23.08,395.92,0.04333,0.1671,1.0,1,2025-06-17
10,9,541,30,0.433,69.23,471.77,0.01444,0.2218,4.0,1,2025-06-17
11,10,480,55,3.1,17.74,462.26,0.05636,0.2865,2.5,1,2025-06-17
1,1,355,150,7.433,20.18,334.82,0.04956,0.2113,0.5,2,2025-06-20
2,1,447,200,7.433,26.91,420.09,0.03717,0.2237,0.5,2,2025-06-20
3,2,508,100,7.767,12.88,495.12,0.07767,0.0984,0.5,1,2025-06-20
4,3,569,80,3.433,23.3,545.7,0.04292,0.1406,1.0,1,2025-06-20
5,4,385,60,3.733,16.07,368.93,0.06222,0.2338,1.5,1,2025-06-20
6,5,254,90,3.3,27.27,226.73,0.03667,0.4252,1.2,1,2025-06-20
7,6,263,40,0.433,92.31,170.69,0.01083,0.3042,2.0,1,2025-06-20
8,7,628,20,0.633,31.58,596.42,0.03167,0.0955,3.0,1,2025-06-20
9,8,416,70,3.267,21.43,394.57,0.04667,0.1683,1.0,1,2025-06-20
10,9,538,30,0.367,81.82,456.18,0.01222,0.223,4.0,1,2025-06-20
11,10,477,55,3.2,17.19,459.81,0.05818,0.2883,2.5,1,2025-06-20
1,1,352,150,7.567,19.82,332.18,0.05044,0.2131,0.5,2,2025-06-23
2,1,444,200,7.567,26.43,417.57,0.03783,0.2252,0.5,2,2025-06-23
3,2,505,100,6.8,14.71,490.29,0.068,0.099,0.5,1,2025-06-23
4,3,566,80,3.4,23.53,542.47,0.0425,0.1413,1.0,1,2025-06-23
5,4,382,60,3.5,17.14,364.86,0.05833,0.2356,1.5,1,2025-06-23
6,5,251,90,3.233,27.84,223.16,0.03593,0.4303,1.2,1,2025-06-23
7,6,260,40,0.367,109.09,150.91,0.00917,0.3077,2.0,1,2025-06-23
8,7,625,20,0.633,31.58,593.42,0.03167,0.096,3.0,1,2025-06-23
9,8,413,70,3.2,21.88,391.12,0.04571,0.1695,1.0,1,2025-06-23
10,9,535,30,0.4,75.0,460.0,0.01333,0.2243,4.0,1,2025-06-23
11,10,474,55,3.067,17.93,456.07,0.05576,0.2901,2.5,1,2025-06-23
1,1,349,150,8.333,18.0,331.0,0.05556,0.2149,0.5,2,2025-06-26
2,1,441,200,8.333,24.0,417.0,0.04167,0.2268,0.5,2,2025-06-26
3,2,502,100,6.8,14.71,487.29,0.068,0.0996,0.5,1,2025-06-26
4,3,563,80,3.367,23.76,539.24,0.04208,0.1421,1.0,1,2025-06-26
5,4,379,60,3.467,17.31,361.69,0.05778,0.2375,1.5,1,2025-06-26
6,5,248,90,3.3,27.27,220.73,0.03667,0.4355,1.2,1,2025-06-26
7,6,257,40,0.333,120.0,137.0,0.00833,0.3113,2.0,1,2025-06-26
8,7,622,20,0.6,33.33,588.67,0.03,0.0965,3.0,1,2025-06-26
9,8,410,70,3.633,19.27,390.73,0.0519,0.1707,1.0,1,2025-06-26
10,9,532,30,0.467,64.29,467.71,0.01556,0.2256,4.0,1,2025-06-26
11,10,471,55,3.4,16.18,454.82,0.06182,0.2919,2.5,1,2025-06-26
1,1,346,150,8.333,18.0,328.0,0.05556,0.2168,0.5,2,2025-06-29
2,1,438,200,8.333,24.0,414.0,0.04167,0.2283,0.5,2,2025-06-29
3,2,499,100,6.8,14.71,484.29,0.068,0.1002,0.5,1,2025-06-29
4,3,560,80,3.267,24.49,535.51,0.04083,0.1429,1.0,1,2025-06-29
5,4,376,60,3.133,19.15,356.85,0.05222,0.2394,1.5,1,2025-06-29
6,5,245,90,3.233,27.84,217.16,0.03593,0.4408,1.2,1,2025-06-29
7,6,254,40,0.4,100.0,154.0,0.01,0.315,2.0,1,2025-06-29
8,7,619,20,0.6,33.33,585.67,0.03,0.0969,3.0,1,2025-06-29
9,8,407,70,3.433,20.39,386.61,0.04905,0.172,1.0,1,2025-06-29
10,9,529,30,0.533,56.25,472.75,0.01778,0.2268,4.0,1,2025-06-29
11,10,468,55,3.3,16.67,451.33,0.06,0.2938,2.5,1,2025-06-29
1,1,343,150,9.033,16.61,326.39,0.06022,0.2187,0.5,2,2025-07-02
2,1,435,200,9.033,22.14,412.86,0.04517,0.2299,0.5,2,2025-07-02
3,2,496,100,6.867,14.56,481.44,0.06867,0.1008,0.5,1,2025-07-02
4,3,557,80,3.367,23.76,533.24,0.04208,0.1436,1.0,1,2025-07-02
5,4,373,60,3.167,18.95,354.05,0.05278,0.2413,1.5,1,2025-07-02
6,5,242,90,3.267,27.55,214.45,0.0363,0.4463,1.2,1,2025-07-02
7,6,251,40,0.433,92.31,158.69,0.01083,0.3187,2.0,1,2025-07-02
8,7,616,20,0.667,30.0,586.0,0.03333,0.0974,3.0,1,2025-07-02
9,8,404,70,3.367,20.79,383.21,0.0481,0.1733,1.0,1,2025-07-02
10,9,526,30,0.633,47.37,478.63,0.02111,0.2281,4.0,1,2025-07-02
11,10,465,55,3.1,17.74,447.26,0.05636,0.2957,2.5,1,2025-07-02
1,1,340,150,8.667,17.31,322.69,0.05778,0.2206,0.5,2,2025-07-05
2,1,432,200,8.667,23.08,408.92,0.04333,0.2315,0.5,2,2025-07-05
3,2,493,100,6.433,15.54,477.46,0.06433,0.1014,0.5,1,2025-07-05
4,3,554,80,3.233,24.74,529.26,0.04042,0.1444,1.0,1,2025-07-05
5,4,370,60,2.967,20.22,349.78,0.04944,0.2432,1.5,1,2025-07-05
6,5,239,90,3.4,26.47,212.53,0.03778,0.4519,1.2,1,2025-07-05
7,6,248,40,0.433,92.31,155.69,0.01083,0.3226,2.0,1,2025-07-05
8,7,613,20,0.7,28.57,584.43,0.035,0.0979,3.0,1,2025-07-05
9,8,401,70,3.567,19.63,381.37,0.05095,0.1746,1.0,1,2025-07-05
10,9,523,30,0.633,47.37,475.63,0.02111,0.2294,4.0,1,2025-07-05
11,10,462,55,2.933,18.75,443.25,0.05333,0.2976,2.5,1,2025-07-05
1,1,337,150,8.433,17.79,319.21,0.05622,0.2226,0.5,2,2025-07-08
2,1,429,200,8.433,23.72,405.28,0.04217,0.2331,0.5,2,2025-07-08
3,2,490,100,5.833,17.14,472.86,0.05833,0.102,0.5,1,2025-07-08
4,3,551,80,3.3,24.24,526.76,0.04125,0.1452,1.0,1,2025-07-08
5,4,367,60,2.667,22.5,344.5,0.04444,0.2452,1.5,1,2025-07-08
6,5,236,90,3.367,26.73,209.27,0.03741,0.4576,1.2,1,2025-07-08
7,6,245,40,0.533,75.0,170.0,0.01333,0.3265,2.0,1,2025-07-08
8,7,610,20,0.833,24.0,586.0,0.04167,0.0984,3.0,1,2025-07-08
9,8,398,70,3.467,20.19,377.81,0.04952,0.1759,1.0,1,2025-07-08
10,9,520,30,0.633,47.37,472.63,0.02111,0.2308,4.0,1,2025-07-08
11,10,459,55,3.233,17.01,441.99,0.05879,0.2996,2.5,1,2025-07-08
1,1,334,150,8.467,17.72,316.28,0.05644,0.2246,0.5,2,2025-07-11
2,1,426,200,8.467,23.62,402.38,0.04233,0.2347,0.5,2,2025-07-11
3,2,487,100,6.5,15.38,471.62,0.065,0.1027,0.5,1,2025-07-11
4,3,548,80,3.633,22.02,525.98,0.04542,0.146,1.0,1,2025-07-11
5,4,364,60,2.933,20.45,343.55,0.04889,0.2473,1.5,1,2025-07-11
6,5,233,90,3.567,25.23,207.77,0.03963,0.4635,1.2,1,2025-07-11
7,6,242,40,0.533,75.0,167.0,0.01333,0.3306,2.0,1,2025-07-11
8,7,607,20,0.867,23.08,583.92,0.04333,0.0988,3.0,1,2025-07-11
9,8,395,70,3.767,18.58,376.42,0.05381,0.1772,1.0,1,2025-07-11
10,9,517,30,0.633,47.37,469.63,0.02111,0.2321,4.0,1,2025-07-11
11,10,456,55,3.467,15.87,440.13,0.06303,0.3015,2.5,1,2025-07-11
1,1,331,150,8.1,18.52,312.48,0.054,0.2266,0.5,2,2025-07-14
2,1,423,200,8.1,24.69,398.31,0.0405,0.2364,0.5,2,2025-07-14
3,2,484,100,6.933,14.42,469.58,0.06933,0.1033,0.5,1,2025-07-14
4,3,545,80,3.7,21.62,523.38,0.04625,0.1468,1.0,1,2025-07-14
5,4,361,60,2.6,23.08,337.92,0.04333,0.2493,1.5,1,2025-07-14
6,5,230,90,3.867,23.28,206.72,0.04296,0.4696,1.2,1,2025-07-14
7,6,239,40,0.633,63.16,175.84,0.01583,0.3347,2.0,1,2025-07-14
8,7,604,20,0.8,25.0,579.0,0.04,0.0993,3.0,1,2025-07-14
9,8,392,70,3.6,19.44,372.56,0.05143,0.1786,1.0,1,2025-07-14
10,9,514,30,0.633,47.37,466.63,0.02111,0.2335,4.0,1,2025-07-14
11,10,453,55,3.333,16.5,436.5,0.06061,0.3035,2.5,1,2025-07-14
1,1,328,150,8.3,18.07,309.93,0.05533,0.2287,0.5,2,2025-07-17
2,1,420,200,8.3,24.1,395.9,0.0415,0.2381,0.5,2,2025-07-17
3,2,481,100,7.9,12.66,468.34,0.079,0.104,0.5,1,2025-07-17
4,3,542,80,3.667,21.82,520.18,0.04583,0.1476,1.0,1,2025-07-17
5,4,358,60,2.6,23.08,334.92,0.04333,0.2514,1.5,1,2025-07-17
6,5,227,90,3.967,22.69,204.31,0.04407,0.4758,1.2,1,2025-07-17
7,6,236,40,0.667,60.0,176.0,0.01667,0.339,2.0,1,2025-07-17
8,7,601,20,0.9,22.22,578.78,0.045,0.0998,3.0,1,2025-07-17
9,8,389,70,3.633,19.27,369.73,0.0519,0.1799,1.0,1,2025-07-17
10,9,511,30,0.667,45.0,466.0,0.02222,0.2348,4.0,1,2025-07-17
11,10,450,55,3.6,15.28,434.72,0.06545,0.3056,2.5,1,2025-07-17
1,1,325,150,7.7,19.48,305.52,0.05133,0.2308,0.5,2,2025-07-20
2,1,417,200,7.7,25.97,391.03,0.0385,0.2398,0.5,2,2025-07-20
3,2,478,100,7.933,12.61,465.39,0.07933,0.1046,0.5,1,2025-07-20
4,3,539,80,3.267,24.49,514.51,0.04083,0.1484,1.0,1,2025-07-20
5,4,355,60,2.7,22.22,332.78,0.045,0.2535,1.5,1,2025-07-20
6,5,224,90,4.067,22.13,201.87,0.04519,0.4821,1.2,1,2025-07-20
7,6,233,40,0.667,60.0,173.0,0.01667,0.3433,2.0,1,2025-07-20
8,7,598,20,0.833,24.0,574.0,0.04167,0.1003,3.0,1,2025-07-20
9,8,386,70,3.467,20.19,365.81,0.04952,0.1813,1.0,1,2025-07-20
10,9,508,30,0.7,42.86,465.14,0.02333,0.2362,4.0,1,2025-07-20
11,10,447,55,3.6,15.28,431.72,0.06545,0.3076,2.5,1,2025-07-20
1,1,322,150,7.533,19.91,302.09,0.05022,0.2329,0.5,2,2025-07-23
2,1,414,200,7.533,26.55,387.45,0.03767,0.2415,0.5,2,2025-07-23
3,2,475,100,8.5,11.76,463.24,0.085,0.1053,0.5,1,2025-07-23
4,3,536,80,3.533,22.64,513.36,0.04417,0.1493,1.0,1,2025-07-23
5,4,352,60,2.767,21.69,330.31,0.04611,0.2557,1.5,1,2025-07-23
6,5,221,90,4.133,21.77,199.23,0.04593,0.4887,1.2,1,2025-07-23
7,6,230,40,0.7,57.14,172.86,0.0175,0.3478,2.0,1,2025-07-23
8,7,595,20,0.9,22.22,572.78,0.045,0.1008,3.0,1,2025-07-23
9,8,383,70,3.733,18.75,364.25,0.05333,0.1828,1.0,1,2025-07-23
10,9,505,30,0.667,45.0,460.0,0.02222,0.2376,4.0,1,2025-07-23
11,10,444,55,3.533,15.57,428.43,0.06424,0.3097,2.5,1,2025-07-23
1,1,319,150,7.3,20.55,298.45,0.04867,0.2351,0.5,2,2025-07-26
2,1,411,200,7.3,27.4,383.6,0.0365,0.2433,0.5,2,2025-07-26
3,2,472,100,8.133,12.3,459.7,0.08133,0.1059,0.5,1,2025-07-26
4,3,533,80,3.5,22.86,510.14,0.04375,0.1501,1.0,1,2025-07-26
5,4,349,60,2.833,21.18,327.82,0.04722,0.2579,1.5,1,2025-07-26
6,5,218,90,4.067,22.13,195.87,0.04519,0.4954,1.2,1,2025-07-26
7,6,227,40,0.7,57.14,169.86,0.0175,0.3524,2.0,1,2025-07-26
8,7,592,20,0.9,22.22,569.78,0.045,0.1014,3.0,1,2025-07-26
9,8,380,70,3.567,19.63,360.37,0.05095,0.1842,1.0,1,2025-07-26
10,9,502,30,0.633,47.37,454.63,0.02111,0.239,4.0,1,2025-07-26
11,10,441,55,3.433,16.02,424.98,0.06242,0.3118,2.5,1,2025-07-26
1,1,316,150,6.733,22.28,293.72,0.04489,0.2373,0.5,2,2025-07-29
2,1,408,200,6.733,29.7,378.3,0.03367,0.2451,0.5,2,2025-07-29
3,2,469,100,8.1,12.35,456.65,0.081,0.1066,0.5,1,2025-07-29
4,3,530,80,3.433,23.3,506.7,0.04292,0.1509,1.0,1,2025-07-29
5,4,346,60,2.967,20.22,325.78,0.04944,0.2601,1.5,1,2025-07-29
6,5,215,90,4.0,22.5,192.5,0.04444,0.5023,1.2,1,2025-07-29
7,6,224,40,0.667,60.0,164.0,0.01667,0.3571,2.0,1,2025-07-29
8,7,589,20,0.867,23.08,565.92,0.04333,0.1019,3.0,1,2025-07-29
9,8,377,70,3.7,18.92,358.08,0.05286,0.1857,1.0,1,2025-07-29
10,9,499,30,0.567,52.94,446.06,0.01889,0.2405,4.0,1,2025-07-29
11,10,438,55,3.567,15.42,422.58,0.06485,0.3139,2.5,1,2025-07-29
1,1,313,150,6.733,22.28,290.72,0.04489,0.2396,0.5,2,2025-08-01
2,1,405,200,6.733,29.7,375.3,0.03367,0.2469,0.5,2,2025-08-01
3,2,466,100,8.1,12.35,453.65,0.081,0.1073,0.5,1,2025-08-01
4,3,527,80,3.567,22.43,504.57,0.04458,0.1518,1.0,1,2025-08-01
5,4,343,60,3.133,19.15,323.85,0.05222,0.2624,1.5,1,2025-08-01
6,5,212,90,4.4,20.45,191.55,0.04889,0.5094,1.2,1,2025-08-01
7,6,221,40,0.633,63.16,157.84,0.01583,0.362,2.0,1,2025-08-01
8,7,586,20,0.867,23.08,562.92,0.04333,0.1024,3.0,1,2025-08-01
9,8,374,70,3.9,17.95,356.05,0.05571,0.1872,1.0,1,2025-08-01
10,9,496,30,0.533,56.25,439.75,0.01778,0.2419,4.0,1,2025-08-01
11,10,435,55,3.7,14.86,420.14,0.06727,0.3161,2.5,1,2025-08-01
1,1,310,150,6.733,22.28,287.72,0.04489,0.2419,0.5,2,2025-08-04
2,1,402,200,6.733,29.7,372.3,0.03367,0.2488,0.5,2,2025-08-04
3,2,463,100,8.167,12.24,450.76,0.08167,0.108,0.5,1,2025-08-04
4,3,524,80,3.633,22.02,501.98,0.04542,0.1527,1.0,1,2025-08-04
5,4,340,60,3.167,18.95,321.05,0.05278,0.2647,1.5,1,2025-08-04
6,5,209,90,4.2,21.43,187.57,0.04667,0.5167,1.2,1,2025-08-04
7,6,218,40,0.633,63.16,154.84,0.01583,0.367,2.0,1,2025-08-04
8,7,583,20,0.867,23.08,559.92,0.04333,0.1029,3.0,1,2025-08-04
9,8,371,70,3.633,19.27,351.73,0.0519,0.1887,1.0,1,2025-08-04
10,9,493,30,0.533,56.25,436.75,0.01778,0.2434,4.0,1,2025-08-04
11,10,432,55,3.833,14.35,417.65,0.0697,0.3183,2.5,1,2025-08-04
1,1,307,150,7.2,20.83,286.17,0.048,0.2443,0.5,2,2025-08-07
2,1,399,200,7.2,27.78,371.22,0.036,0.2506,0.5,2,2025-08-07
3,2,460,100,8.6,11.63,448.37,0.086,0.1087,0.5,1,2025-08-07
4,3,521,80,3.833,20.87,500.13,0.04792,0.1536,1.0,1,2025-08-07
5,4,337,60,3.333,18.0,319.0,0.05556,0.2671,1.5,1,2025-08-07
6,5,206,90,4.467,20.15,185.85,0.04963,0.5243,1.2,1,2025-08-07
7,6,215,40,0.567,70.59,144.41,0.01417,0.3721,2.0,1,2025-08-07
8,7,580,20,0.7,28.57,551.43,0.035,0.1034,3.0,1,2025-08-07
9,8,368,70,3.867,18.1,349.9,0.05524,0.1902,1.0,1,2025-08-07
10,9,490,30,0.5,60.0,430.0,0.01667,0.2449,4.0,1,2025-08-07
11,10,429,55,3.933,13.98,415.02,0.07152,0.3205,2.5,1,2025-08-07
1,1,304,150,7.2,20.83,283.17,0.048,0.2467,0.5,2,2025-08-10
2,1,396,200,7.2,27.78,368.22,0.036,0.2525,0.5,2,2025-08-10
3,2,457,100,8.367,11.95,445.05,0.08367,0.1094,0.5,1,2025-08-10
4,3,518,80,3.767,21.24,496.76,0.04708,0.1544,1.0,1,2025-08-10
5,4,334,60,3.233,18.56,315.44,0.05389,0.2695,1.5,1,2025-08-10
6,5,203,90,4.6,19.57,183.43,0.05111,0.532,1.2,1,2025-08-10
7,6,212,40,0.533,75.0,137.0,0.01333,0.3774,2.0,1,2025-08-10
8,7,577,20,0.567,35.29,541.71,0.02833,0.104,3.0,1,2025-08-10
9,8,365,70,3.633,19.27,345.73,0.0519,0.1918,1.0,1,2025-08-10
10,9,487,30,0.567,52.94,434.06,0.01889,0.2464,4.0,1,2025-08-10
11,10,426,55,3.667,15.0,411.0,0.06667,0.3228,2.5,1,2025-08-10
1,1,301,150,8.167,18.37,282.63,0.05444,0.2492,0.5,2,2025-08-13
2,1,393,200,8.167,24.49,368.51,0.04083,0.2545,0.5,2,2025-08-13
3,2,454,100,8.5,11.76,442.24,0.085,0.1101,0.5,1,2025-08-13
4,3,515,80,3.733,21.43,493.57,0.04667,0.1553,1.0,1,2025-08-13
5,4,331,60,3.367,17.82,313.18,0.05611,0.2719,1.5,1,2025-08-13
6,5,200,90,4.4,20.45,179.55,0.04889,0.54,1.2,1,2025-08-13
7,6,209,40,0.467,85.71,123.29,0.01167,0.3828,2.0,1,2025-08-13
8,7,574,20,0.533,37.5,536.5,0.02667,0.1045,3.0,1,2025-08-13
9,8,362,70,3.767,18.58,343.42,0.05381,0.1934,1.0,1,2025-08-13
10,9,484,30,0.633,47.37,436.63,0.02111,0.2479,4.0,1,2025-08-13
11,10,423,55,3.8,14.47,408.53,0.06909,0.3251,2.5,1,2025-08-13
1,1,298,150,8.433,17.79,280.21,0.05622,0.2517,0.5,2,2025-08-16
2,1,390,200,8.433,23.72,366.28,0.04217,0.2564,0.5,2,2025-08-16
3,2,451,100,8.467,11.81,439.19,0.08467,0.1109,0.5,1,2025-08-16
4,3,512,80,3.9,20.51,491.49,0.04875,0.1562,1.0,1,2025-08-16
5,4,328,60,3.3,18.18,309.82,0.055,0.2744,1.5,1,2025-08-16
6,5,197,90,4.4,20.45,176.55,0.04889,0.5482,1.2,1,2025-08-16
7,6,206,40,0.467,85.71,120.29,0.01167,0.3883,2.0,1,2025-08-16
8,7,571,20,0.4,50.0,521.0,0.02,0.1051,3.0,1,2025-08-16
9,8,359,70,4.0,17.5,341.5,0.05714,0.195,1.0,1,2025-08-16
10,9,481,30,0.633,47.37,433.63,0.02111,0.2495,4.0,1,2025-08-16
11,10,420,55,3.733,14.73,405.27,0.06788,0.3274,2.5,1,2025-08-16
1,1,295,150,8.033,18.67,276.33,0.05356,0.2542,0.5,2,2025-08-19
2,1,387,200,8.033,24.9,362.1,0.04017,0.2584,0.5,2,2025-08-19
3,2,448,100,8.333,12.0,436.0,0.08333,0.1116,0.5,1,2025-08-19
4,3,509,80,4.0,20.0,489.0,0.05,0.1572,1.0,1,2025-08-19
5,4,325,60,3.2,18.75,306.25,0.05333,0.2769,1.5,1,2025-08-19
6,5,194,90,4.133,21.77,172.23,0.04593,0.5567,1.2,1,2025-08-19
7,6,203,40,0.533,75.0,128.0,0.01333,0.3941,2.0,1,2025-08-19
8,7,568,20,0.367,54.55,513.45,0.01833,0.1056,3.0,1,2025-08-19
9,8,356,70,4.033,17.36,338.64,0.05762,0.1966,1.0,1,2025-08-19
10,9,478,30,0.567,52.94,425.06,0.01889,0.251,4.0,1,2025-08-19
11,10,417,55,3.633,15.14,401.86,0.06606,0.3297,2.5,1,2025-08-19
1,1,292,150,8.5,17.65,274.35,0.05667,0.2568,0.5,2,2025-08-22
2,1,384,200,8.5,23.53,360.47,0.0425,0.2604,0.5,2,2025-08-22
3,2,445,100,8.3,12.05,432.95,0.083,0.1124,0.5,1,2025-08-22
4,3,506,80,4.1,19.51,486.49,0.05125,0.1581,1.0,1,2025-08-22
5,4,322,60,3.467,17.31,304.69,0.05778,0.2795,1.5,1,2025-08-22
6,5,191,90,4.1,21.95,169.05,0.04556,0.5654,1.2,1,2025-08-22
7,6,200,40,0.7,57.14,142.86,0.0175,0.4,2.0,1,2025-08-22
8,7,565,20,0.333,60.0,505.0,0.01667,0.1062,3.0,1,2025-08-22
9,8,353,70,4.033,17.36,335.64,0.05762,0.1983,1.0,1,2025-08-22
10,9,475,30,0.567,52.94,422.06,0.01889,0.2526,4.0,1,2025-08-22
11,10,414,55,3.933,13.98,400.02,0.07152,0.3321,2.5,1,2025-08-22
1,1,289,150,7.9,18.99,270.01,0.05267,0.2595,0.5,2,2025-08-25
2,1,381,200,7.9,25.32,355.68,0.0395,0.2625,0.5,2,2025-08-25
3,2,442,100,8.433,11.86,430.14,0.08433,0.1131,0.5,1,2025-08-25
4,3,503,80,4.133,19.35,483.65,0.05167,0.159,1.0,1,2025-08-25
5,4,319,60,3.533,16.98,302.02,0.05889,0.2821,1.5,1,2025-08-25
6,5,188,90,3.8,23.68,164.32,0.04222,0.5745,1.2,1,2025-08-25
7,6,197,40,0.633,63.16,133.84,0.01583,0.4061,2.0,1,2025-08-25
8,7,562,20,0.367,54.55,507.45,0.01833,0.1068,3.0,1,2025-08-25
9,8,350,70,3.8,18.42,331.58,0.05429,0.2,1.0,1,2025-08-25
10,9,472,30,0.567,52.94,419.06,0.01889,0.2542,4.0,1,2025-08-25
11,10,411,55,3.8,14.47,396.53,0.06909,0.3345,2.5,1,2025-08-25
1,1,286,150,8.033,18.67,267.33,0.05356,0.2622,0.5,2,2025-08-28
2,1,378,200,8.033,24.9,353.1,0.04017,0.2646,0.5,2,2025-08-28
3,2,439,100,8.833,11.32,427.68,0.08833,0.1139,0.5,1,2025-08-28
4,3,500,80,4.467,17.91,482.09,0.05583,0.16,1.0,1,2025-08-28
5,4,316,60,3.633,16.51,299.49,0.06056,0.2848,1.5,1,2025-08-28
6,5,185,90,4.033,22.31,162.69,0.04481,0.5838,1.2,1,2025-08-28
7,6,194,40,0.7,57.14,136.86,0.0175,0.4124,2.0,1,2025-08-28
8,7,559,20,0.4,50.0,509.0,0.02,0.1073,3.0,1,2025-08-28
9,8,347,70,3.933,17.8,329.2,0.05619,0.2017,1.0,1,2025-08-28
10,9,469,30,0.567,52.94,416.06,0.01889,0.2559,4.0,1,2025-08-28
11,10,408,55,3.833,14.35,393.65,0.0697,0.337,2.5,1,2025-08-28
1,1,283,150,8.067,18.6,264.4,0.05378,0.265,0.5,2,2025-08-31
2,1,375,200,8.067,24.79,350.21,0.04033,0.2667,0.5,2,2025-08-31
3,2,436,100,9.067,11.03,424.97,0.09067,0.1147,0.5,1,2025-08-31
4,3,497,80,4.567,17.52,479.48,0.05708,0.161,1.0,1,2025-08-31
5,4,313,60,3.5,17.14,295.86,0.05833,0.2875,1.5,1,2025-08-31
6,5,182,90,3.8,23.68,158.32,0.04222,0.5934,1.2,1,2025-08-31
7,6,191,40,0.733,54.55,136.45,0.01833,0.4188,2.0,1,2025-08-31
8,7,556,20,0.4,50.0,506.0,0.02,0.1079,3.0,1,2025-08-31
9,8,344,70,3.933,17.8,326.2,0.05619,0.2035,1.0,1,2025-08-31
10,9,466,30,0.533,56.25,409.75,0.01778,0.2575,4.0,1,2025-08-31
11,10,405,55,3.633,15.14,389.86,0.06606,0.3395,2.5,1,2025-08-31
1,1,280,150,7.667,19.57,260.43,0.05111,0.2679,0.5,2,2025-09-03
2,1,372,200,7.667,26.09,345.91,0.03833,0.2688,0.5,2,2025-09-03
3,2,433,100,9.833,10.17,422.83,0.09833,0.1155,0.5,1,2025-09-03
4,3,494,80,4.467,17.91,476.09,0.05583,0.1619,1.0,1,2025-09-03
5,4,310,60,3.367,17.82,292.18,0.05611,0.2903,1.5,1,2025-09-03
6,5,179,90,3.733,24.11,154.89,0.04148,0.6034,1.2,1,2025-09-03
7,6,188,40,0.833,48.0,140.0,0.02083,0.4255,2.0,1,2025-09-03
8,7,553,20,0.433,46.15,506.85,0.02167,0.1085,3.0,1,2025-09-03
9,8,341,70,3.833,18.26,322.74,0.05476,0.2053,1.0,1,2025-09-03
10,9,463,30,0.533,56.25,406.75,0.01778,0.2592,4.0,1,2025-09-03
11,10,402,55,3.567,15.42,386.58,0.06485,0.342,2.5,1,2025-09-03
1,1,277,150,8.233,18.22,258.78,0.05489,0.2708,0.5,2,2025-09-06
2,1,369,200,8.233,24.29,344.71,0.04117,0.271,0.5,2,2025-09-06
3,2,430,100,10.033,9.97,420.03,0.10033,0.1163,0.5,1,2025-09-06
4,3,491,80,4.467,17.91,473.09,0.05583,0.1629,1.0,1,2025-09-06
5,4,307,60,3.7,16.22,290.78,0.06167,0.2932,1.5,1,2025-09-06
6,5,176,90,3.533,25.47,150.53,0.03926,0.6136,1.2,1,2025-09-06
7,6,185,40,0.767,52.17,132.83,0.01917,0.4324,2.0,1,2025-09-06
8,7,550,20,0.5,40.0,510.0,0.025,0.1091,3.0,1,2025-09-06
9,8,338,70,3.867,18.1,319.9,0.05524,0.2071,1.0,1,2025-09-06
10,9,460,30,0.533,56.25,403.75,0.01778,0.2609,4.0,1,2025-09-06
11,10,399,55,3.633,15.14,383.86,0.06606,0.3446,2.5,1,2025-09-06
1,1,274,150,7.933,18.91,255.09,0.05289,0.2737,0.5,2,2025-09-09
2,1,366,200,7.933,25.21,340.79,0.03967,0.2732,0.5,2,2025-09-09
3,2,427,100,9.833,10.17,416.83,0.09833,0.1171,0.5,1,2025-09-09
4,3,488,80,4.133,19.35,468.65,0.05167,0.1639,1.0,1,2025-09-09
5,4,304,60,3.833,15.65,288.35,0.06389,0.2961,1.5,1,2025-09-09
6,5,173,90,3.333,27.0,146.0,0.03704,0.6243,1.2,1,2025-09-09
7,6,182,40,0.8,50.0,132.0,0.02,0.4396,2.0,1,2025-09-09
8,7,547,20,0.5,40.0,507.0,0.025,0.1097,3.0,1,2025-09-09
9,8,335,70,3.667,19.09,315.91,0.05238,0.209,1.0,1,2025-09-09
10,9,457,30,0.5,60.0,397.0,0.01667,0.2626,4.0,1,2025-09-09
11,10,396,55,3.767,14.6,381.4,0.06848,0.3472,2.5,1,2025-09-09
1,1,271,150,7.533,19.91,251.09,0.05022,0.2768,0.5,2,2025-09-12
2,1,363,200,7.533,26.55,336.45,0.03767,0.2755,0.5,2,2025-09-12
3,2,424,100,10.133,9.87,414.13,0.10133,0.1179,0.5,1,2025-09-12
4,3,485,80,4.1,19.51,465.49,0.05125,0.1649,1.0,1,2025-09-12
5,4,301,60,3.9,15.38,285.62,0.065,0.299,1.5,1,2025-09-12
6,5,170,90,3.4,26.47,143.53,0.03778,0.6353,1.2,1,2025-09-12
7,6,179,40,0.833,48.0,131.0,0.02083,0.4469,2.0,1,2025-09-12
8,7,544,20,0.567,35.29,508.71,0.02833,0.1103,3.0,1,2025-09-12
9,8,332,70,3.767,18.58,313.42,0.05381,0.2108,1.0,1,2025-09-12
10,9,454,30,0.433,69.23,384.77,0.01444,0.2643,4.0,1,2025-09-12
11,10,393,55,3.7,14.86,378.14,0.06727,0.3499,2.5,1,2025-09-12
1,1,268,150,7.167,20.93,247.07,0.04778,0.2799,0.5,2,2025-09-15
2,1,360,200,7.167,27.91,332.09,0.03583,0.2778,0.5,2,2025-09-15
3,2,421,100,9.933,10.07,410.93,0.09933,0.1188,0.5,1,2025-09-15
4,3,482,80,4.067,19.67,462.33,0.05083,0.166,1.0,1,2025-09-15
5,4,298,60,4.067,14.75,283.25,0.06778,0.302,1.5,1,2025-09-15
6,5,167,90,3.333,27.0,140.0,0.03704,0.6467,1.2,1,2025-09-15
7,6,176,40,0.767,52.17,123.83,0.01917,0.4545,2.0,1,2025-09-15
8,7,541,20,0.6,33.33,507.67,0.03,0.1109,3.0,1,2025-09-15
9,8,329,70,3.5,20.0,309.0,0.05,0.2128,1.0,1,2025-09-15
10,9,451,30,0.4,75.0,376.0,0.01333,0.2661,4.0,1,2025-09-15
11,10,390,55,3.433,16.02,373.98,0.06242,0.3526,2.5,1,2025-09-15
1,1,265,150,8.033,18.67,246.33,0.05356,0.283,0.5,2,2025-09-18
2,1,357,200,8.033,24.9,332.1,0.04017,0.2801,0.5,2,2025-09-18
3,2,418,100,10.167,9.84,408.16,0.10167,0.1196,0.5,1,2025-09-18
4,3,479,80,4.233,18.9,460.1,0.05292,0.167,1.0,1,2025-09-18
5,4,295,60,4.067,14.75,280.25,0.06778,0.3051,1.5,1,2025-09-18
6,5,164,90,3.6,25.0,139.0,0.04,0.6585,1.2,1,2025-09-18
7,6,173,40,0.7,57.14,115.86,0.0175,0.4624,2.0,1,2025-09-18
8,7,538,20,0.833,24.0,514.0,0.04167,0.1115,3.0,1,2025-09-18
9,8,326,70,3.633,19.27,306.73,0.0519,0.2147,1.0,1,2025-09-18
10,9,448,30,0.433,69.23,378.77,0.01444,0.2679,4.0,1,2025-09-18
11,10,387,55,3.567,15.42,371.58,0.06485,0.3553,2.5,1,2025-09-18
1,1,262,150,7.667,19.57,242.43,0.05111,0.2863,0.5,2,2025-09-21
2,1,354,200,7.667,26.09,327.91,0.03833,0.2825,0.5,2,2025-09-21
3,2,415,100,10.4,9.62,405.38,0.104,0.1205,0.5,1,2025-09-21
4,3,476,80,4.133,19.35,456.65,0.05167,0.1681,1.0,1,2025-09-21
5,4,292,60,3.8,15.79,276.21,0.06333,0.3082,1.5,1,2025-09-21
6,5,161,90,3.767,23.89,137.11,0.04185,0.6708,1.2,1,2025-09-21
7,6,170,40,0.533,75.0,95.0,0.01333,0.4706,2.0,1,2025-09-21
8,7,535,20,0.833,24.0,511.0,0.04167,0.1121,3.0,1,2025-09-21
9,8,323,70,3.567,19.63,303.37,0.05095,0.2167,1.0,1,2025-09-21
10,9,445,30,0.433,69.23,375.77,0.01444,0.2697,4.0,1,2025-09-21
11,10,384,55,3.7,14.86,369.14,0.06727,0.3581,2.5,1,2025-09-21
1,1,259,150,7.833,19.15,239.85,0.05222,0.2896,0.5,2,2025-09-24
2,1,351,200,7.833,25.53,325.47,0.03917,0.2849,0.5,2,2025-09-24
3,2,412,100,10.267,9.74,402.26,0.10267,0.1214,0.5,1,2025-09-24
4,3,473,80,4.133,19.35,453.65,0.05167,0.1691,1.0,1,2025-09-24
5,4,289,60,4.0,15.0,274.0,0.06667,0.3114,1.5,1,2025-09-24
6,5,158,90,3.767,23.89,134.11,0.04185,0.6835,1.2,1,2025-09-24
7,6,167,40,0.6,66.67,100.33,0.015,0.479,2.0,1,2025-09-24
8,7,532,20,0.867,23.08,508.92,0.04333,0.1128,3.0,1,2025-09-24
9,8,320,70,3.733,18.75,301.25,0.05333,0.2188,1.0,1,2025-09-24
10,9,442,30,0.4,75.0,367.0,0.01333,0.2715,4.0,1,2025-09-24
11,10,381,55,3.8,14.47,366.53,0.06909,0.3609,2.5,1,2025-09-24
1,1,256,150,8.667,17.31,238.69,0.05778,0.293,0.5,2,2025-09-27
2,1,348,200,8.667,23.08,324.92,0.04333,0.2874,0.5,2,2025-09-27
3,2,409,100,9.867,10.14,398.86,0.09867,0.1222,0.5,1,2025-09-27
4,3,470,80,4.0,20.0,450.0,0.05,0.1702,1.0,1,2025-09-27
5,4,286,60,4.1,14.63,271.37,0.06833,0.3147,1.5,1,2025-09-27
6,5,155,90,3.667,24.55,130.45,0.04074,0.6968,1.2,1,2025-09-27
7,6,164,40,0.567,70.59,93.41,0.01417,0.4878,2.0,1,2025-09-27
8,7,529,20,0.9,22.22,506.78,0.045,0.1134,3.0,1,2025-09-27
9,8,317,70,3.567,19.63,297.37,0.05095,0.2208,1.0,1,2025-09-27
10,9,439,30,0.467,64.29,374.71,0.01556,0.2733,4.0,1,2025-09-27
11,10,378,55,3.7,14.86,363.14,0.06727,0.3638,2.5,1,2025-09-27
1,1,253,150,8.133,18.44,234.56,0.05422,0.2964,0.5,2,2025-09-30
2,1,345,200,8.133,24.59,320.41,0.04067,0.2899,0.5,2,2025-09-30
3,2,406,100,8.633,11.58,394.42,0.08633,0.1232,0.5,1,2025-09-30
4,3,467,80,3.767,21.24,445.76,0.04708,0.1713,1.0,1,2025-09-30
5,4,283,60,3.767,15.93,267.07,0.06278,0.318,1.5,1,2025-09-30
6,5,152,90,3.6,25.0,127.0,0.04,0.7105,1.2,1,2025-09-30
7,6,161,40,0.567,70.59,90.41,0.01417,0.4969,2.0,1,2025-09-30
8,7,526,20,0.8,25.0,501.0,0.04,0.1141,3.0,1,2025-09-30
9,8,314,70,3.1,22.58,291.42,0.04429,0.2229,1.0,1,2025-09-30
10,9,436,30,0.467,64.29,371.71,0.01556,0.2752,4.0,1,2025-09-30
11,10,375,55,3.867,14.22,360.78,0.0703,0.3667,2.5,1,2025-09-30
1,1,250,150,9.067,16.54,233.46,0.06044,0.3,0.5,2,2025-10-03
2,1,342,200,9.067,22.06,319.94,0.04533,0.2924,0.5,2,2025-10-03
3,2,403,100,8.6,11.63,391.37,0.086,0.1241,0.5,1,2025-10-03
4,3,464,80,3.8,21.05,442.95,0.0475,0.1724,1.0,1,2025-10-03
5,4,280,60,4.067,14.75,265.25,0.06778,0.3214,1.5,1,2025-10-03
6,5,149,90,3.833,23.48,125.52,0.04259,0.7248,1.2,1,2025-10-03
7,6,158,40,0.533,75.0,83.0,0.01333,0.5063,2.0,1,2025-10-03
8,7,523,20,0.767,26.09,496.91,0.03833,0.1147,3.0,1,2025-10-03
9,8,311,70,3.567,19.63,291.37,0.05095,0.2251,1.0,1,2025-10-03
10,9,433,30,0.467,64.29,368.71,0.01556,0.2771,4.0,1,2025-10-03
11,10,372,55,3.967,13.87,358.13,0.07212,0.3696,2.5,1,2025-10-03
1,1,247,150,8.8,17.05,229.95,0.05867,0.3036,0.5,2,2025-10-06
2,1,339,200,8.8,22.73,316.27,0.044,0.295,0.5,2,2025-10-06
3,2,400,100,8.567,11.67,388.33,0.08567,0.125,0.5,1,2025-10-06
4,3,461,80,3.467,23.08,437.92,0.04333,0.1735,1.0,1,2025-10-06
5,4,277,60,3.733,16.07,260.93,0.06222,0.3249,1.5,1,2025-10-06
6,5,146,90,3.733,24.11,121.89,0.04148,0.7397,1.2,1,2025-10-06
7,6,155,40,0.6,66.67,88.33,0.015,0.5161,2.0,1,2025-10-06
8,7,520,20,0.8,25.0,495.0,0.04,0.1154,3.0,1,2025-10-06
9,8,308,70,3.3,21.21,286.79,0.04714,0.2273,1.0,1,2025-10-06
10,9,430,30,0.567,52.94,377.06,0.01889,0.2791,4.0,1,2025-10-06
11,10,369,55,3.933,13.98,355.02,0.07152,0.3726,2.5,1,2025-10-06
1,1,244,150,9.7,15.46,228.54,0.06467,0.3074,0.5,2,2025-10-09
2,1,336,200,9.7,20.62,315.38,0.0485,0.2976,0.5,2,2025-10-09
3,2,397,100,9.267,10.79,386.21,0.09267,0.1259,0.5,1,2025-10-09
4,3,458,80,3.633,22.02,435.98,0.04542,0.1747,1.0,1,2025-10-09
5,4,274,60,3.567,16.82,257.18,0.05944,0.3285,1.5,1,2025-10-09
6,5,143,90,3.8,23.68,119.32,0.04222,0.7552,1.2,1,2025-10-09
7,6,152,40,0.6,66.67,85.33,0.015,0.5263,2.0,1,2025-10-09
8,7,517,20,0.967,20.69,496.31,0.04833,0.1161,3.0,1,2025-10-09
9,8,305,70,3.6,19.44,285.56,0.05143,0.2295,1.0,1,2025-10-09
10,9,427,30,0.6,50.0,377.0,0.02,0.281,4.0,1,2025-10-09
11,10,366,55,3.967,13.87,352.13,0.07212,0.3757,2.5,1,2025-10-09
1,1,241,150,9.967,15.05,225.95,0.06644,0.3112,0.5,2,2025-10-12
2,1,333,200,9.967,20.07,312.93,0.04983,0.3003,0.5,2,2025-10-12
3,2,394,100,9.2,10.87,383.13,0.092,0.1269,0.5,1,2025-10-12
4,3,455,80,3.767,21.24,433.76,0.04708,0.1758,1.0,1,2025-10-12
5,4,271,60,3.4,17.65,253.35,0.05667,0.3321,1.5,1,2025-10-12
6,5,140,90,4.033,22.31,117.69,0.04481,0.7714,1.2,1,2025-10-12
7,6,149,40,0.633,63.16,85.84,0.01583,0.5369,2.0,1,2025-10-12
8,7,514,20,0.867,23.08,490.92,0.04333,0.1167,3.0,1,2025-10-12
9,8,302,70,3.667,19.09,282.91,0.05238,0.2318,1.0,1,2025-10-12
10,9,424,30,0.633,47.37,376.63,0.02111,0.283,4.0,1,2025-10-12
11,10,363,55,4.033,13.64,349.36,0.07333,0.3788,2.5,1,2025-10-12
1,1,238,150,10.433,14.38,223.62,0.06956,0.3151,0.5,2,2025-10-15
2,1,330,200,10.433,19.17,310.83,0.05217,0.303,0.5,2,2025-10-15
3,2,391,100,9.167,10.91,380.09,0.09167,0.1279,0.5,1,2025-10-15
4,3,452,80,3.567,22.43,429.57,0.04458,0.177,1.0,1,2025-10-15
5,4,268,60,3.233,18.56,249.44,0.05389,0.3358,1.5,1,2025-10-15
6,5,137,90,4.0,22.5,114.5,0.04444,0.7883,1.2,1,2025-10-15
7,6,146,40,0.667,60.0,86.0,0.01667,0.5479,2.0,1,2025-10-15
8,7,511,20,0.9,22.22,488.78,0.045,0.1174,3.0,1,2025-10-15
9,8,299,70,3.767,18.58,280.42,0.05381,0.2341,1.0,1,2025-10-15
10,9,421,30,0.667,45.0,376.0,0.02222,0.285,4.0,1,2025-10-15
11,10,360,55,4.1,13.41,346.59,0.07455,0.3819,2.5,1,2025-10-15
1,1,235,150,11.1,13.51,221.49,0.074,0.3191,0.5,2,2025-10-18
2,1,327,200,11.1,18.02,308.98,0.0555,0.3058,0.5,2,2025-10-18
3,2,388,100,9.8,10.2,377.8,0.098,0.1289,0.5,1,2025-10-18
4,3,449,80,3.667,21.82,427.18,0.04583,0.1782,1.0,1,2025-10-18
5,4,265,60,3.267,18.37,246.63,0.05444,0.3396,1.5,1,2025-10-18
6,5,134,90,3.833,23.48,110.52,0.04259,0.806,1.2,1,2025-10-18
7,6,143,40,0.733,54.55,88.45,0.01833,0.5594,2.0,1,2025-10-18
8,7,508,20,0.767,26.09,481.91,0.03833,0.1181,3.0,1,2025-10-18
9,8,296,70,3.6,19.44,276.56,0.05143,0.2365,1.0,1,2025-10-18
10,9,418,30,0.733,40.91,377.09,0.02444,0.2871,4.0,1,2025-10-18
11,10,357,55,4.133,13.31,343.69,0.07515,0.3852,2.5,1,2025-10-18
1,1,232,150,11.533,13.01,218.99,0.07689,0.3233,0.5,2,2025-10-21
2,1,324,200,11.533,17.34,306.66,0.05767,0.3086,0.5,2,2025-10-21
3,2,385,100,9.367,10.68,374.32,0.09367,0.1299,0.5,1,2025-10-21
4,3,446,80,3.8,21.05,424.95,0.0475,0.1794,1.0,1,2025-10-21
5,4,262,60,3.3,18.18,243.82,0.055,0.3435,1.5,1,2025-10-21
6,5,131,90,3.667,24.55,106.45,0.04074,0.8244,1.2,1,2025-10-21
7,6,140,40,0.8,50.0,90.0,0.02,0.5714,2.0,1,2025-10-21
8,7,505,20,0.8,25.0,480.0,0.04,0.1188,3.0,1,2025-10-21
9,8,293,70,3.367,20.79,272.21,0.0481,0.2389,1.0,1,2025-10-21
10,9,415,30,0.733,40.91,374.09,0.02444,0.2892,4.0,1,2025-10-21
11,10,354,55,3.9,14.1,339.9,0.07091,0.3884,2.5,1,2025-10-21
1,1,229,150,11.7,12.82,216.18,0.078,0.3275,0.5,2,2025-10-24
2,1,321,200,11.7,17.09,303.91,0.0585,0.3115,0.5,2,2025-10-24
3,2,382,100,9.667,10.34,371.66,0.09667,0.1309,0.5,1,2025-10-24
4,3,443,80,3.867,20.69,422.31,0.04833,0.1806,1.0,1,2025-10-24
5,4,259,60,3.2,18.75,240.25,0.05333,0.3475,1.5,1,2025-10-24
6,5,128,90,3.867,23.28,104.72,0.04296,0.8438,1.2,1,2025-10-24
7,6,137,40,0.833,48.0,89.0,0.02083,0.5839,2.0,1,2025-10-24
8,7,502,20,0.767,26.09,475.91,0.03833,0.1195,3.0,1,2025-10-24
9,8,290,70,3.3,21.21,268.79,0.04714,0.2414,1.0,1,2025-10-24
10,9,412,30,0.7,42.86,369.14,0.02333,0.2913,4.0,1,2025-10-24
11,10,351,55,4.2,13.1,337.9,0.07636,0.3917,2.5,1,2025-10-24
1,1,226,150,11.533,13.01,212.99,0.07689,0.3319,0.5,2,2025-10-27
2,1,318,200,11.533,17.34,300.66,0.05767,0.3145,0.5,2,2025-10-27
3,2,379,100,9.967,10.03,368.97,0.09967,0.1319,0.5,1,2025-10-27
4,3,440,80,3.733,21.43,418.57,0.04667,0.1818,1.0,1,2025-10-27
5,4,256,60,2.967,20.22,235.78,0.04944,0.3516,1.5,1,2025-10-27
6,5,125,90,3.767,23.89,101.11,0.04185,0.864,1.2,1,2025-10-27
7,6,134,40,0.767,52.17,81.83,0.01917,0.597,2.0,1,2025-10-27
8,7,499,20,0.7,28.57,470.43,0.035,0.1202,3.0,1,2025-10-27
9,8,287,70,3.233,21.65,265.35,0.04619,0.2439,1.0,1,2025-10-27
10,9,409,30,0.567,52.94,356.06,0.01889,0.2934,4.0,1,2025-10-27
11,10,348,55,4.133,13.31,334.69,0.07515,0.3951,2.5,1,2025-10-27
1,1,223,150,11.9,12.61,210.39,0.07933,0.3363,0.5,2,2025-10-30
2,1,315,200,11.9,16.81,298.19,0.0595,0.3175,0.5,2,2025-10-30
3,2,376,100,11.067,9.04,366.96,0.11067,0.133,0.5,1,2025-10-30
4,3,437,80,3.7,21.62,415.38,0.04625,0.1831,1.0,1,2025-10-30
5,4,253,60,3.433,17.48,235.52,0.05722,0.3557,1.5,1,2025-10-30
6,5,122,90,3.833,23.48,98.52,0.04259,0.8852,1.2,1,2025-10-30
7,6,131,40,0.767,52.17,78.83,0.01917,0.6107,2.0,1,2025-10-30
8,7,496,20,0.733,27.27,468.73,0.03667,0.121,3.0,1,2025-10-30
9,8,284,70,3.533,19.81,264.19,0.05048,0.2465,1.0,1,2025-10-30
10,9,406,30,0.667,45.0,361.0,0.02222,0.2956,4.0,1,2025-10-30
11,10,345,55,4.333,12.69,332.31,0.07879,0.3986,2.5,1,2025-10-30
1,1,220,150,11.833,12.68,207.32,0.07889,0.3409,0.5,2,2025-11-02
2,1,312,200,11.833,16.9,295.1,0.05917,0.3205,0.5,2,2025-11-02
3,2,373,100,10.7,9.35,363.65,0.107,0.134,0.5,1,2025-11-02
4,3,434,80,3.567,22.43,411.57,0.04458,0.1843,1.0,1,2025-11-02
5,4,250,60,3.133,19.15,230.85,0.05222,0.36,1.5,1,2025-11-02
6,5,119,90,3.6,25.0,94.0,0.04,0.9076,1.2,1,2025-11-02
7,6,128,40,0.833,48.0,80.0,0.02083,0.625,2.0,1,2025-11-02
8,7,493,20,0.667,30.0,463.0,0.03333,0.1217,3.0,1,2025-11-02
9,8,281,70,3.233,21.65,259.35,0.04619,0.2491,1.0,1,2025-11-02
10,9,403,30,0.567,52.94,350.06,0.01889,0.2978,4.0,1,2025-11-02
11,10,342,55,4.233,12.99,329.01,0.07697,0.402,2.5,1,2025-11-02
1,1,217,150,12.233,12.26,204.74,0.08156,0.3456,0.5,2,2025-11-05
2,1,309,200,12.233,16.35,292.65,0.06117,0.3236,0.5,2,2025-11-05
3,2,370,100,10.533,9.49,360.51,0.10533,0.1351,0.5,1,2025-11-05
4,3,431,80,3.633,22.02,408.98,0.04542,0.1856,1.0,1,2025-11-05
5,4,247,60,3.233,18.56,228.44,0.05389,0.3644,1.5,1,2025-11-05
6,5,116,90,3.533,25.47,90.53,0.03926,0.931,1.2,1,2025-11-05
7,6,125,40,0.833,48.0,77.0,0.02083,0.64,2.0,1,2025-11-05
8,7,490,20,0.633,31.58,458.42,0.03167,0.1224,3.0,1,2025-11-05
9,8,278,70,3.433,20.39,257.61,0.04905,0.2518,1.0,1,2025-11-05
10,9,400,30,0.533,56.25,343.75,0.01778,0.3,4.0,1,2025-11-05
11,10,339,55,4.167,13.2,325.8,0.07576,0.4056,2.5,1,2025-11-05
1,1,214,150,12.767,11.75,202.25,0.08511,0.3505,0.5,2,2025-11-08
2,1,306,200,12.767,15.67,290.33,0.06383,0.3268,0.5,2,2025-11-08
3,2,367,100,10.433,9.58,357.42,0.10433,0.1362,0.5,1,2025-11-08
4,3,428,80,3.633,22.02,405.98,0.04542,0.1869,1.0,1,2025-11-08
5,4,244,60,3.567,16.82,227.18,0.05944,0.3689,1.5,1,2025-11-08
6,5,113,90,3.8,23.68,89.32,0.04222,0.9558,1.2,1,2025-11-08
7,6,122,40,0.767,52.17,69.83,0.01917,0.6557,2.0,1,2025-11-08
8,7,487,20,0.533,37.5,449.5,0.02667,0.1232,3.0,1,2025-11-08
9,8,275,70,3.367,20.79,254.21,0.0481,0.2545,1.0,1,2025-11-08
10,9,397,30,0.467,64.29,332.71,0.01556,0.3023,4.0,1,2025-11-08
11,10,336,55,4.3,12.79,323.21,0.07818,0.4092,2.5,1,2025-11-08
1,1,211,150,13.033,11.51,199.49,0.08689,0.3555,0.5,2,2025-11-11
2,1,303,200,13.033,15.35,287.65,0.06517,0.33,0.5,2,2025-11-11
3,2,364,100,10.2,9.8,354.2,0.102,0.1374,0.5,1,2025-11-11
4,3,425,80,3.433,23.3,401.7,0.04292,0.1882,1.0,1,2025-11-11
5,4,241,60,3.367,17.82,223.18,0.05611,0.3734,1.5,1,2025-11-11
6,5,110,90,3.5,25.71,84.29,0.03889,0.9818,1.2,1,2025-11-11
7,6,119,40,0.7,57.14,61.86,0.0175,0.6723,2.0,1,2025-11-11
8,7,484,20,0.633,31.58,452.42,0.03167,0.124,3.0,1,2025-11-11
9,8,272,70,3.2,21.88,250.12,0.04571,0.2574,1.0,1,2025-11-11
10,9,394,30,0.433,69.23,324.77,0.01444,0.3046,4.0,1,2025-11-11
11,10,333,55,4.167,13.2,319.8,0.07576,0.4129,2.5,1,2025-11-11
1,1,208,150,13.633,11.0,197.0,0.09089,0.3606,0.5,2,2025-11-14
2,1,300,200,13.633,14.67,285.33,0.06817,0.3333,0.5,2,2025-11-14
3,2,361,100,9.8,10.2,350.8,0.098,0.1385,0.5,1,2025-11-14
4,3,422,80,3.667,21.82,400.18,0.04583,0.1896,1.0,1,2025-11-14
5,4,238,60,3.6,16.67,221.33,0.06,0.3782,1.5,1,2025-11-14
6,5,107,90,3.867,23.28,83.72,0.04296,1.0093,1.2,1,2025-11-14
7,6,116,40,0.767,52.17,63.83,0.01917,0.6897,2.0,1,2025-11-14
8,7,481,20,0.6,33.33,447.67,0.03,0.1247,3.0,1,2025-11-14
9,8,269,70,3.267,21.43,247.57,0.04667,0.2602,1.0,1,2025-11-14
10,9,391,30,0.433,69.23,321.77,0.01444,0.3069,4.0,1,2025-11-14
11,10,330,55,4.4,12.5,317.5,0.08,0.4167,2.5,1,2025-11-14
1,1,205,150,12.433,12.06,192.94,0.08289,0.3659,0.5,2,2025-11-17
2,1,297,200,12.433,16.09,280.91,0.06217,0.3367,0.5,2,2025-11-17
3,2,358,100,8.933,11.19,346.81,0.08933,0.1397,0.5,1,2025-11-17
4,3,419,80,3.333,24.0,395.0,0.04167,0.1909,1.0,1,2025-11-17
5,4,235,60,3.633,16.51,218.49,0.06056,0.383,1.5,1,2025-11-17
6,5,104,90,3.967,22.69,81.31,0.04407,1.0385,1.2,1,2025-11-17
7,6,113,40,0.733,54.55,58.45,0.01833,0.708,2.0,1,2025-11-17
8,7,478,20,0.6,33.33,444.67,0.03,0.1255,3.0,1,2025-11-17
9,8,266,70,3.5,20.0,246.0,0.05,0.2632,1.0,1,2025-11-17
10,9,388,30,0.4,75.0,313.0,0.01333,0.3093,4.0,1,2025-11-17
11,10,327,55,4.267,12.89,314.11,0.07758,0.4205,2.5,1,2025-11-17
1,1,202,150,12.033,12.47,189.53,0.08022,0.3713,0.5,2,2025-11-20
2,1,294,200,12.033,16.62,277.38,0.06017,0.3401,0.5,2,2025-11-20
3,2,355,100,9.567,10.45,344.55,0.09567,0.1408,0.5,1,2025-11-20
4,3,416,80,3.333,24.0,392.0,0.04167,0.1923,1.0,1,2025-11-20
5,4,232,60,3.767,15.93,216.07,0.06278,0.3879,1.5,1,2025-11-20
6,5,101,90,4.1,21.95,79.05,0.04556,1.0693,1.2,1,2025-11-20
7,6,110,40,0.7,57.14,52.86,0.0175,0.7273,2.0,1,2025-11-20
8,7,475,20,0.567,35.29,439.71,0.02833,0.1263,3.0,1,2025-11-20
9,8,263,70,3.967,17.65,245.35,0.05667,0.2662,1.0,1,2025-11-20
10,9,385,30,0.5,60.0,325.0,0.01667,0.3117,4.0,1,2025-11-20
11,10,324,55,4.333,12.69,311.31,0.07879,0.4244,2.5,1,2025-11-20
1,1,199,150,12.367,12.13,186.87,0.08244,0.3769,0.5,2,2025-11-23
2,1,291,200,12.367,16.17,274.83,0.06183,0.3436,0.5,2,2025-11-23
3,2,352,100,9.667,10.34,341.66,0.09667,0.142,0.5,1,2025-11-23
4,3,413,80,3.367,23.76,389.24,0.04208,0.1937,1.0,1,2025-11-23
5,4,229,60,3.8,15.79,213.21,0.06333,0.393,1.5,1,2025-11-23
6,5,98,90,4.3,20.93,77.07,0.04778,1.102,1.2,1,2025-11-23
7,6,107,40,0.7,57.14,49.86,0.0175,0.7477,2.0,1,2025-11-23
8,7,472,20,0.5,40.0,432.0,0.025,0.1271,3.0,1,2025-11-23
9,8,260,70,4.167,16.8,243.2,0.05952,0.2692,1.0,1,2025-11-23
10,9,382,30,0.533,56.25,325.75,0.01778,0.3141,4.0,1,2025-11-23
11,10,321,55,4.233,12.99,308.01,0.07697,0.4283,2.5,1,2025-11-23
1,1,196,150,11.667,12.86,183.14,0.07778,0.3827,0.5,2,2025-11-26
2,1,288,200,11.667,17.14,270.86,0.05833,0.3472,0.5,2,2025-11-26
3,2,349,100,9.833,10.17,338.83,0.09833,0.1433,0.5,1,2025-11-26
4,3,410,80,3.567,22.43,387.57,0.04458,0.1951,1.0,1,2025-11-26
5,4,226,60,3.933,15.25,210.75,0.06556,0.3982,1.5,1,2025-11-26
6,5,95,90,4.367,20.61,74.39,0.04852,1.1368,1.2,1,2025-11-26
7,6,104,40,0.833,48.0,56.0,0.02083,0.7692,2.0,1,2025-11-26
8,7,469,20,0.667,30.0,439.0,0.03333,0.1279,3.0,1,2025-11-26
9,8,257,70,4.367,16.03,240.97,0.06238,0.2724,1.0,1,2025-11-26
10,9,379,30,0.533,56.25,322.75,0.01778,0.3166,4.0,1,2025-11-26
11,10,318,55,4.267,12.89,305.11,0.07758,0.4324,2.5,1,2025-11-26
1,1,193,150,11.867,12.64,180.36,0.07911,0.3886,0.5,2,2025-11-29
2,1,285,200,11.867,16.85,268.15,0.05933,0.3509,0.5,2,2025-11-29
3,2,346,100,10.333,9.68,336.32,0.10333,0.1445,0.5,1,2025-11-29
4,3,407,80,3.467,23.08,383.92,0.04333,0.1966,1.0,1,2025-11-29
5,4,223,60,3.9,15.38,207.62,0.065,0.4036,1.5,1,2025-11-29
6,5,92,90,4.333,20.77,71.23,0.04815,1.1739,1.2,1,2025-11-29
7,6,101,40,0.933,42.86,58.14,0.02333,0.7921,2.0,1,2025-11-29
8,7,466,20,0.733,27.27,438.73,0.03667,0.1288,3.0,1,2025-11-29
9,8,254,70,4.433,15.79,238.21,0.06333,0.2756,1.0,1,2025-11-29
10,9,376,30,0.433,69.23,306.77,0.01444,0.3191,4.0,1,2025-11-29
11,10,315,55,4.2,13.1,301.9,0.07636,0.4365,2.5,1,2025-11-29
1,1,190,150,11.233,13.35,176.65,0.07489,0.3947,0.5,2,2025-12-02
2,1,282,200,11.233,17.8,264.2,0.05617,0.3546,0.5,2,2025-12-02
3,2,343,100,10.333,9.68,333.32,0.10333,0.1458,0.5,1,2025-12-02
4,3,404,80,3.5,22.86,381.14,0.04375,0.198,1.0,1,2025-12-02
5,4,220,60,4.167,14.4,205.6,0.06944,0.4091,1.5,1,2025-12-02
6,5,89,90,4.467,20.15,68.85,0.04963,1.2135,1.2,1,2025-12-02
7,6,98,40,0.867,46.15,51.85,0.02167,0.8163,2.0,1,2025-12-02
8,7,463,20,0.8,25.0,438.0,0.04,0.1296,3.0,1,2025-12-02
9,8,251,70,4.233,16.54,234.46,0.06048,0.2789,1.0,1,2025-12-02
10,9,373,30,0.433,69.23,303.77,0.01444,0.3217,4.0,1,2025-12-02
11,10,312,55,4.367,12.6,299.4,0.07939,0.4407,2.5,1,2025-12-02
1,1,187,150,10.933,13.72,173.28,0.07289,0.4011,0.5,2,2025-12-05
2,1,279,200,10.933,18.29,260.71,0.05467,0.3584,0.5,2,2025-12-05
3,2,340,100,11.833,8.45,331.55,0.11833,0.1471,0.5,1,2025-12-05
4,3,401,80,3.867,20.69,380.31,0.04833,0.1995,1.0,1,2025-12-05
5,4,217,60,4.333,13.85,203.15,0.07222,0.4147,1.5,1,2025-12-05
6,5,86,90,4.833,18.62,67.38,0.0537,1.2558,1.2,1,2025-12-05
7,6,95,40,0.9,44.44,50.56,0.0225,0.8421,2.0,1,2025-12-05
8,7,460,20,0.767,26.09,433.91,0.03833,0.1304,3.0,1,2025-12-05
9,8,248,70,4.433,15.79,232.21,0.06333,0.2823,1.0,1,2025-12-05
10,9,370,30,0.567,52.94,317.06,0.01889,0.3243,4.0,1,2025-12-05
11,10,309,55,4.567,12.04,296.96,0.08303,0.445,2.5,1,2025-12-05
1,1,184,150,10.0,15.0,169.0,0.06667,0.4076,0.5,2,2025-12-08
2,1,276,200,10.0,20.0,256.0,0.05,0.3623,0.5,2,2025-12-08
3,2,337,100,11.633,8.6,328.4,0.11633,0.1484,0.5,1,2025-12-08
4,3,398,80,4.033,19.83,378.17,0.05042,0.201,1.0,1,2025-12-08
5,4,214,60,4.233,14.17,199.83,0.07056,0.4206,1.5,1,2025-12-08
6,5,83,90,4.5,20.0,63.0,0.05,1.3012,1.2,1,2025-12-08
7,6,92,40,1.0,40.0,52.0,0.025,0.8696,2.0,1,2025-12-08
8,7,457,20,0.733,27.27,429.73,0.03667,0.1313,3.0,1,2025-12-08
9,8,245,70,4.433,15.79,229.21,0.06333,0.2857,1.0,1,2025-12-08
10,9,367,30,0.667,45.0,322.0,0.02222,0.327,4.0,1,2025-12-08
11,10,306,55,4.267,12.89,293.11,0.07758,0.4493,2.5,1,2025-12-08
1,1,181,150,10.533,14.24,166.76,0.07022,0.4144,0.5,2,2025-12-11
2,1,273,200,10.533,18.99,254.01,0.05267,0.3663,0.5,2,2025-12-11
3,2,334,100,12.067,8.29,325.71,0.12067,0.1497,0.5,1,2025-12-11
4,3,395,80,4.333,18.46,376.54,0.05417,0.2025,1.0,1,2025-12-11
5,4,211,60,4.733,12.68,198.32,0.07889,0.4265,1.5,1,2025-12-11
6,5,80,90,4.667,19.29,60.71,0.05185,1.35,1.2,1,2025-12-11
7,6,89,40,0.967,41.38,47.62,0.02417,0.8989,2.0,1,2025-12-11
8,7,454,20,0.633,31.58,422.42,0.03167,0.1322,3.0,1,2025-12-11
9,8,242,70,4.5,15.56,226.44,0.06429,0.2893,1.0,1,2025-12-11
10,9,364,30,0.7,42.86,321.14,0.02333,0.3297,4.0,1,2025-12-11
11,10,303,55,4.5,12.22,290.78,0.08182,0.4538,2.5,1,2025-12-11
1,1,178,150,10.167,14.75,163.25,0.06778,0.4213,0.5,2,2025-12-14
2,1,270,200,10.167,19.67,250.33,0.05083,0.3704,0.5,2,2025-12-14
3,2,331,100,13.2,7.58,323.42,0.132,0.1511,0.5,1,2025-12-14
4,3,392,80,4.3,18.6,373.4,0.05375,0.2041,1.0,1,2025-12-14
5,4,208,60,4.5,13.33,194.67,0.075,0.4327,1.5,1,2025-12-14
6,5,77,90,4.467,20.15,56.85,0.04963,1.4026,1.2,1,2025-12-14
7,6,86,40,0.833,48.0,38.0,0.02083,0.9302,2.0,1,2025-12-14
8,7,451,20,0.633,31.58,419.42,0.03167,0.133,3.0,1,2025-12-14
9,8,239,70,4.367,16.03,222.97,0.06238,0.2929,1.0,1,2025-12-14
10,9,361,30,0.667,45.0,316.0,0.02222,0.3324,4.0,1,2025-12-14
11,10,300,55,4.6,11.96,288.04,0.08364,0.4583,2.5,1,2025-12-14
1,1,175,150,10.8,13.89,161.11,0.072,0.4286,0.5,2,2025-12-17
2,1,267,200,10.8,18.52,248.48,0.054,0.3745,0.5,2,2025-12-17
3,2,328,100,14.167,7.06,320.94,0.14167,0.1524,0.5,1,2025-12-17
4,3,389,80,4.533,17.65,371.35,0.05667,0.2057,1.0,1,2025-12-17
5,4,205,60,4.633,12.95,192.05,0.07722,0.439,1.5,1,2025-12-17
6,5,74,90,4.733,19.01,54.99,0.05259,1.4595,1.2,1,2025-12-17
7,6,83,40,0.8,50.0,33.0,0.02,0.9639,2.0,1,2025-12-17
8,7,448,20,0.633,31.58,416.42,0.03167,0.1339,3.0,1,2025-12-17
9,8,236,70,4.2,16.67,219.33,0.06,0.2966,1.0,1,2025-12-17
10,9,358,30,0.667,45.0,313.0,0.02222,0.3352,4.0,1,2025-12-17
11,10,297,55,4.7,11.7,285.3,0.08545,0.463,2.5,1,2025-12-17
1,1,172,150,11.167,13.43,158.57,0.07444,0.436,0.5,2,2025-12-20
2,1,264,200,11.167,17.91,246.09,0.05583,0.3788,0.5,2,2025-12-20
3,2,325,100,14.8,6.76,318.24,0.148,0.1538,0.5,1,2025-12-20
4,3,386,80,4.733,16.9,369.1,0.05917,0.2073,1.0,1,2025-12-20
5,4,202,60,4.633,12.95,189.05,0.07722,0.4455,1.5,1,2025-12-20
6,5,71,90,4.7,19.15,51.85,0.05222,1.5211,1.2,1,2025-12-20
7,6,80,40,0.767,52.17,27.83,0.01917,1.0,2.0,1,2025-12-20
8,7,445,20,0.6,33.33,411.67,0.03,0.1348,3.0,1,2025-12-20
9,8,233,70,4.233,16.54,216.46,0.06048,0.3004,1.0,1,2025-12-20
10,9,355,30,0.7,42.86,312.14,0.02333,0.338,4.0,1,2025-12-20
11,10,294,55,4.867,11.3,282.7,0.08848,0.4677,2.5,1,2025-12-20
1,1,169,150,11.133,13.47,155.53,0.07422,0.4438,0.5,2,2025-12-23
2,1,261,200,11.133,17.96,243.04,0.05567,0.3831,0.5,2,2025-12-23
3,2,322,100,14.1,7.09,314.91,0.141,0.1553,0.5,1,2025-12-23
4,3,383,80,4.667,17.14,365.86,0.05833,0.2089,1.0,1,2025-12-23
5,4,199,60,4.533,13.24,185.76,0.07556,0.4523,1.5,1,2025-12-23
6,5,68,90,4.5,20.0,48.0,0.05,1.5882,1.2,1,2025-12-23
7,6,77,40,0.7,57.14,19.86,0.0175,1.039,2.0,1,2025-12-23
8,7,442,20,0.633,31.58,410.42,0.03167,0.1357,3.0,1,2025-12-23
9,8,230,70,3.9,17.95,212.05,0.05571,0.3043,1.0,1,2025-12-23
10,9,352,30,0.7,42.86,309.14,0.02333,0.3409,4.0,1,2025-12-23
11,10,291,55,4.7,11.7,279.3,0.08545,0.4725,2.5,1,2025-12-23
1,1,166,150,12.167,12.33,153.67,0.08111,0.4518,0.5,2,2025-12-26
2,1,258,200,12.167,16.44,241.56,0.06083,0.3876,0.5,2,2025-12-26
3,2,319,100,14.667,6.82,312.18,0.14667,0.1567,0.5,1,2025-12-26
4,3,380,80,4.667,17.14,362.86,0.05833,0.2105,1.0,1,2025-12-26
5,4,196,60,4.833,12.41,183.59,0.08056,0.4592,1.5,1,2025-12-26
6,5,65,90,4.6,19.57,45.43,0.05111,1.6615,1.2,1,2025-12-26
7,6,74,40,0.667,60.0,14.0,0.01667,1.0811,2.0,1,2025-12-26
8,7,439,20,0.533,37.5,401.5,0.02667,0.1367,3.0,1,2025-12-26
9,8,227,70,4.0,17.5,209.5,0.05714,0.3084,1.0,1,2025-12-26
10,9,349,30,0.833,36.0,313.0,0.02778,0.3438,4.0,1,2025-12-26
11,10,288,55,5.067,10.86,277.14,0.09212,0.4774,2.5,1,2025-12-26
1,1,163,150,11.9,12.61,150.39,0.07933,0.4601,0.5,2,2025-12-29
2,1,255,200,11.9,16.81,238.19,0.0595,0.3922,0.5,2,2025-12-29
3,2,316,100,14.033,7.13,308.87,0.14033,0.1582,0.5,1,2025-12-29
4,3,377,80,4.933,16.22,360.78,0.06167,0.2122,1.0,1,2025-12-29
5,4,193,60,4.667,12.86,180.14,0.07778,0.4663,1.5,1,2025-12-29
6,5,62,90,4.467,20.15,41.85,0.04963,1.7419,1.2,1,2025-12-29
7,6,71,40,0.533,75.0,-4.0,0.01333,1.1268,2.0,1,2025-12-29
8,7,436,20,0.467,42.86,393.14,0.02333,0.1376,3.0,1,2025-12-29
9,8,224,70,4.133,16.94,207.06,0.05905,0.3125,1.0,1,2025-12-29
10,9,346,30,0.867,34.62,311.38,0.02889,0.3468,4.0,1,2025-12-29
11,10,285,55,5.0,11.0,274.0,0.09091,0.4825,2.5,1,2025-12-29
1,1,160,150,12.767,11.75,148.25,0.08511,0.4688,0.5,2,2026-01-01
2,1,252,200,12.767,15.67,236.33,0.06383,0.3968,0.5,2,2026-01-01
3,2,313,100,14.733,6.79,306.21,0.14733,0.1597,0.5,1,2026-01-01
4,3,374,80,5.267,15.19,358.81,0.06583,0.2139,1.0,1,2026-01-01
5,4,190,60,4.7,12.77,177.23,0.07833,0.4737,1.5,1,2026-01-01
6,5,59,90,4.433,20.3,38.7,0.04926,1.8305,1.2,1,2026-01-01
7,6,68,40,0.6,66.67,1.33,0.015,1.1765,2.0,1,2026-01-01
8,7,433,20,0.433,46.15,386.85,0.02167,0.1386,3.0,1,2026-01-01
9,8,221,70,4.333,16.15,204.85,0.0619,0.3167,1.0,1,2026-01-01
10,9,343,30,0.933,32.14,310.86,0.03111,0.3499,4.0,1,2026-01-01
11,10,282,55,5.033,10.93,271.07,0.09152,0.4876,2.5,1,2026-01-01
1,1,157,150,12.6,11.9,145.1,0.084,0.4777,0.5,2,2026-01-04
2,1,249,200,12.6,15.87,233.13,0.063,0.4016,0.5,2,2026-01-04
3,2,310,100,13.233,7.56,302.44,0.13233,0.1613,0.5,1,2026-01-04
4,3,371,80,5.067,15.79,355.21,0.06333,0.2156,1.0,1,2026-01-04
5,4,187,60,4.8,12.5,174.5,0.08,0.4813,1.5,1,2026-01-04
6,5,56,90,4.167,21.6,34.4,0.0463,1.9286,1.2,1,2026-01-04
7,6,65,40,0.6,66.67,-1.67,0.015,1.2308,2.0,1,2026-01-04
8,7,430,20,0.433,46.15,383.85,0.02167,0.1395,3.0,1,2026-01-04
9,8,218,70,4.3,16.28,201.72,0.06143,0.3211,1.0,1,2026-01-04
10,9,340,30,0.8,37.5,302.5,0.02667,0.3529,4.0,1,2026-01-04
11,10,279,55,4.733,11.62,267.38,0.08606,0.4928,2.5,1,2026-01-04
1,1,154,150,12.833,11.69,142.31,0.08556,0.487,0.5,2,2026-01-07
2,1,246,200,12.833,15.58,230.42,0.06417,0.4065,0.5,2,2026-01-07
3,2,307,100,13.667,7.32,299.68,0.13667,0.1629,0.5,1,2026-01-07
4,3,368,80,4.867,16.44,351.56,0.06083,0.2174,1.0,1,2026-01-07
5,4,184,60,4.6,13.04,170.96,0.07667,0.4891,1.5,1,2026-01-07
6,5,53,90,4.233,21.26,31.74,0.04704,2.0377,1.2,1,2026-01-07
7,6,62,40,0.5,80.0,-18.0,0.0125,1.2903,2.0,1,2026-01-07
8,7,427,20,0.567,35.29,391.71,0.02833,0.1405,3.0,1,2026-01-07
9,8,215,70,4.233,16.54,198.46,0.06048,0.3256,1.0,1,2026-01-07
10,9,337,30,0.733,40.91,296.09,0.02444,0.3561,4.0,1,2026-01-07
11,10,276,55,4.8,11.46,264.54,0.08727,0.4982,2.5,1,2026-01-07
1,1,151,150,12.4,12.1,138.9,0.08267,0.4967,0.5,2,2026-01-10
2,1,243,200,12.4,16.13,226.87,0.062,0.4115,0.5,2,2026-01-10
3,2,304,100,13.633,7.33,296.67,0.13633,0.1645,0.5,1,2026-01-10
4,3,365,80,4.833,16.55,348.45,0.06042,0.2192,1.0,1,2026-01-10
5,4,181,60,4.733,12.68,168.32,0.07889,0.4972,1.5,1,2026-01-10
6,5,50,90,4.433,20.3,29.7,0.04926,2.16,1.2,1,2026-01-10
7,6,59,40,0.6,66.67,-7.67,0.015,1.3559,2.0,1,2026-01-10
8,7,424,20,0.6,33.33,390.67,0.03,0.1415,3.0,1,2026-01-10
9,8,212,70,4.3,16.28,195.72,0.06143,0.3302,1.0,1,2026-01-10
10,9,334,30,0.833,36.0,298.0,0.02778,0.3593,4.0,1,2026-01-10
11,10,273,55,4.6,11.96,261.04,0.08364,0.5037,2.5,1,2026-01-10
1,1,148,150,12.267,12.23,135.77,0.08178,0.5068,0.5,2,2026-01-13
2,1,240,200,12.267,16.3,223.7,0.06133,0.4167,0.5,2,2026-01-13
3,2,301,100,13.1,7.63,293.37,0.131,0.1661,0.5,1,2026-01-13
4,3,362,80,4.767,16.78,345.22,0.05958,0.221,1.0,1,2026-01-13
5,4,178,60,4.767,12.59,165.41,0.07944,0.5056,1.5,1,2026-01-13
6,5,47,90,4.367,20.61,26.39,0.04852,2.2979,1.2,1,2026-01-13
7,6,56,40,0.733,54.55,1.45,0.01833,1.4286,2.0,1,2026-01-13
8,7,421,20,0.567,35.29,385.71,0.02833,0.1425,3.0,1,2026-01-13
9,8,209,70,4.067,17.21,191.79,0.0581,0.3349,1.0,1,2026-01-13
10,9,331,30,0.833,36.0,295.0,0.02778,0.3625,4.0,1,2026-01-13
11,10,270,55,4.4,12.5,257.5,0.08,0.5093,2.5,1,2026-01-13
1,1,145,150,12.9,11.63,133.37,0.086,0.5172,0.5,2,2026-01-16
2,1,237,200,12.9,15.5,221.5,0.0645,0.4219,0.5,2,2026-01-16
3,2,298,100,12.933,7.73,290.27,0.12933,0.1678,0.5,1,2026-01-16
4,3,359,80,4.567,17.52,341.48,0.05708,0.2228,1.0,1,2026-01-16
5,4,175,60,4.767,12.59,162.41,0.07944,0.5143,1.5,1,2026-01-16
6,5,44,90,4.167,21.6,22.4,0.0463,2.4545,1.2,1,2026-01-16
7,6,53,40,0.733,54.55,-1.55,0.01833,1.5094,2.0,1,2026-01-16
8,7,418,20,0.533,37.5,380.5,0.02667,0.1435,3.0,1,2026-01-16
9,8,206,70,4.4,15.91,190.09,0.06286,0.3398,1.0,1,2026-01-16
10,9,328,30,0.767,39.13,288.87,0.02556,0.3659,4.0,1,2026-01-16
11,10,267,55,4.3,12.79,254.21,0.07818,0.515,2.5,1,2026-01-16
1,1,142,150,12.333,12.16,129.84,0.08222,0.5282,0.5,2,2026-01-19
2,1,234,200,12.333,16.22,217.78,0.06167,0.4274,0.5,2,2026-01-19
3,2,295,100,11.733,8.52,286.48,0.11733,0.1695,0.5,1,2026-01-19
4,3,356,80,4.2,19.05,336.95,0.0525,0.2247,1.0,1,2026-01-19
5,4,172,60,4.8,12.5,159.5,0.08,0.5233,1.5,1,2026-01-19
6,5,41,90,4.067,22.13,18.87,0.04519,2.6341,1.2,1,2026-01-19
7,6,50,40,0.733,54.55,-4.55,0.01833,1.6,2.0,1,2026-01-19
8,7,415,20,0.567,35.29,379.71,0.02833,0.1446,3.0,1,2026-01-19
9,8,203,70,4.1,17.07,185.93,0.05857,0.3448,1.0,1,2026-01-19
10,9,325,30,0.7,42.86,282.14,0.02333,0.3692,4.0,1,2026-01-19
11,10,264,55,4.033,13.64,250.36,0.07333,0.5208,2.5,1,2026-01-19
1,1,139,150,12.433,12.06,126.94,0.08289,0.5396,0.5,2,2026-01-22
2,1,231,200,12.433,16.09,214.91,0.06217,0.4329,0.5,2,2026-01-22
3,2,292,100,12.433,8.04,283.96,0.12433,0.1712,0.5,1,2026-01-22
4,3,353,80,4.333,18.46,334.54,0.05417,0.2266,1.0,1,2026-01-22
5,4,169,60,4.833,12.41,156.59,0.08056,0.5325,1.5,1,2026-01-22
6,5,38,90,4.267,21.09,16.91,0.04741,2.8421,1.2,1,2026-01-22
7,6,47,40,0.733,54.55,-7.55,0.01833,1.7021,2.0,1,2026-01-22
8,7,412,20,0.533,37.5,374.5,0.02667,0.1456,3.0,1,2026-01-22
9,8,200,70,4.467,15.67,184.33,0.06381,0.35,1.0,1,2026-01-22
10,9,322,30,0.8,37.5,284.5,0.02667,0.3727,4.0,1,2026-01-22
11,10,261,55,4.333,12.69,248.31,0.07879,0.5268,2.5,1,2026-01-22
1,1,136,150,12.133,12.36,123.64,0.08089,0.5515,0.5,2,2026-01-25
2,1,228,200,12.133,16.48,211.52,0.06067,0.4386,0.5,2,2026-01-25
3,2,289,100,11.7,8.55,280.45,0.117,0.173,0.5,1,2026-01-25
4,3,350,80,4.233,18.9,331.1,0.05292,0.2286,1.0,1,2026-01-25
5,4,166,60,4.567,13.14,152.86,0.07611,0.5422,1.5,1,2026-01-25
6,5,35,90,4.2,21.43,13.57,0.04667,3.0857,1.2,1,2026-01-25
7,6,44,40,0.667,60.0,-16.0,0.01667,1.8182,2.0,1,2026-01-25
8,7,409,20,0.467,42.86,366.14,0.02333,0.1467,3.0,1,2026-01-25
9,8,197,70,4.367,16.03,180.97,0.06238,0.3553,1.0,1,2026-01-25
10,9,319,30,0.667,45.0,274.0,0.02222,0.3762,4.0,1,2026-01-25
11,10,258,55,3.833,14.35,243.65,0.0697,0.5329,2.5,1,2026-01-25
1,1,133,150,12.133,12.36,120.64,0.08089,0.5639,0.5,2,2026-01-28
2,1,225,200,12.133,16.48,208.52,0.06067,0.4444,0.5,2,2026-01-28
3,2,286,100,11.533,8.67,277.33,0.11533,0.1748,0.5,1,2026-01-28
4,3,347,80,4.267,18.75,328.25,0.05333,0.2305,1.0,1,2026-01-28
5,4,163,60,4.567,13.14,149.86,0.07611,0.5521,1.5,1,2026-01-28
6,5,32,90,4.367,20.61,11.39,0.04852,3.375,1.2,1,2026-01-28
7,6,41,40,0.667,60.0,-19.0,0.01667,1.9512,2.0,1,2026-01-28
8,7,406,20,0.5,40.0,366.0,0.025,0.1478,3.0,1,2026-01-28
9,8,194,70,4.2,16.67,177.33,0.06,0.3608,1.0,1,2026-01-28
10,9,316,30,0.667,45.0,271.0,0.02222,0.3797,4.0,1,2026-01-28
11,10,255,55,3.933,13.98,241.02,0.07152,0.5392,2.5,1,2026-01-28
1,1,130,150,12.2,12.3,117.7,0.08133,0.5769,0.5,2,2026-01-31
2,1,222,200,12.2,16.39,205.61,0.061,0.4505,0.5,2,2026-01-31
3,2,283,100,11.567,8.65,274.35,0.11567,0.1767,0.5,1,2026-01-31
4,3,344,80,4.167,19.2,324.8,0.05208,0.2326,1.0,1,2026-01-31
5,4,160,60,4.733,12.68,147.32,0.07889,0.5625,1.5,1,2026-01-31
6,5,29,90,4.2,21.43,7.57,0.04667,3.7241,1.2,1,2026-01-31
7,6,38,40,0.567,70.59,-32.59,0.01417,2.1053,2.0,1,2026-01-31
8,7,403,20,0.567,35.29,367.71,0.02833,0.1489,3.0,1,2026-01-31
9,8,191,70,4.133,16.94,174.06,0.05905,0.3665,1.0,1,2026-01-31
10,9,313,30,0.633,47.37,265.63,0.02111,0.3834,4.0,1,2026-01-31
11,10,252,55,3.833,14.35,237.65,0.0697,0.5456,2.5,1,2026-01-31
1,1,127,150,12.033,12.47,114.53,0.08022,0.5906,0.5,2,2026-02-03
2,1,219,200,12.033,16.62,202.38,0.06017,0.4566,0.5,2,2026-02-03
3,2,280,100,11.4,8.77,271.23,0.114,0.1786,0.5,1,2026-02-03
4,3,341,80,4.133,19.35,321.65,0.05167,0.2346,1.0,1,2026-02-03
5,4,157,60,4.467,13.43,143.57,0.07444,0.5732,1.5,1,2026-02-03
6,5,26,90,4.167,21.6,4.4,0.0463,4.1538,1.2,1,2026-02-03
7,6,35,40,0.533,75.0,-40.0,0.01333,2.2857,2.0,1,2026-02-03
8,7,400,20,0.7,28.57,371.43,0.035,0.15,3.0,1,2026-02-03
9,8,188,70,3.767,18.58,169.42,0.05381,0.3723,1.0,1,2026-02-03
10,9,310,30,0.6,50.0,260.0,0.02,0.3871,4.0,1,2026-02-03
11,10,249,55,3.9,14.1,234.9,0.07091,0.5522,2.5,1,2026-02-03
1,1,124,150,11.767,12.75,111.25,0.07844,0.6048,0.5,2,2026-02-06
2,1,216,200,11.767,17.0,199.0,0.05883,0.463,0.5,2,2026-02-06
3,2,277,100,11.3,8.85,268.15,0.113,0.1805,0.5,1,2026-02-06
4,3,338,80,4.2,19.05,318.95,0.0525,0.2367,1.0,1,2026-02-06
5,4,154,60,4.7,12.77,141.23,0.07833,0.5844,1.5,1,2026-02-06
6,5,23,90,4.233,21.26,1.74,0.04704,4.6957,1.2,1,2026-02-06
7,6,32,40,0.567,70.59,-38.59,0.01417,2.5,2.0,1,2026-02-06
8,7,397,20,0.633,31.58,365.42,0.03167,0.1511,3.0,1,2026-02-06
9,8,185,70,3.833,18.26,166.74,0.05476,0.3784,1.0,1,2026-02-06
10,9,307,30,0.567,52.94,254.06,0.01889,0.3909,4.0,1,2026-02-06
11,10,246,55,4.067,13.52,232.48,0.07394,0.5589,2.5,1,2026-02-06
1,1,121,150,11.1,13.51,107.49,0.074,0.6198,0.5,2,2026-02-09
2,1,213,200,11.1,18.02,194.98,0.0555,0.4695,0.5,2,2026-02-09
3,2,274,100,10.933,9.15,264.85,0.10933,0.1825,0.5,1,2026-02-09
4,3,335,80,3.967,20.17,314.83,0.04958,0.2388,1.0,1,2026-02-09
5,4,151,60,4.233,14.17,136.83,0.07056,0.596,1.5,1,2026-02-09
6,5,20,90,3.933,22.88,-2.88,0.0437,5.4,1.2,1,2026-02-09
7,6,29,40,0.5,80.0,-51.0,0.0125,2.7586,2.0,1,2026-02-09
8,7,394,20,0.633,31.58,362.42,0.03167,0.1523,3.0,1,2026-02-09
9,8,182,70,3.5,20.0,162.0,0.05,0.3846,1.0,1,2026-02-09
10,9,304,30,0.567,52.94,251.06,0.01889,0.3947,4.0,1,2026-02-09
11,10,243,55,4.033,13.64,229.36,0.07333,0.5658,2.5,1,2026-02-09
1,1,118,150,11.333,13.24,104.76,0.07556,0.6356,0.5,2,2026-02-12
2,1,210,200,11.333,17.65,192.35,0.05667,0.4762,0.5,2,2026-02-12
3,2,271,100,10.233,9.77,261.23,0.10233,0.1845,0.5,1,2026-02-12
4,3,332,80,3.967,20.17,311.83,0.04958,0.241,1.0,1,2026-02-12
5,4,148,60,4.5,13.33,134.67,0.075,0.6081,1.5,1,2026-02-12
6,5,17,90,4.033,22.31,-5.31,0.04481,6.3529,1.2,1,2026-02-12
7,6,26,40,0.433,92.31,-66.31,0.01083,3.0769,2.0,1,2026-02-12
8,7,391,20,0.7,28.57,362.43,0.035,0.1535,3.0,1,2026-02-12
9,8,179,70,3.633,19.27,159.73,0.0519,0.3911,1.0,1,2026-02-12
10,9,301,30,0.6,50.0,251.0,0.02,0.3987,4.0,1,2026-02-12
11,10,240,55,4.267,12.89,227.11,0.07758,0.5729,2.5,1,2026-02-12
1,1,115,150,11.1,13.51,101.49,0.074,0.6522,0.5,2,2026-02-15
2,1,207,200,11.1,18.02,188.98,0.0555,0.4831,0.5,2,2026-02-15
3,2,268,100,9.933,10.07,257.93,0.09933,0.1866,0.5,1,2026-02-15
4,3,329,80,4.2,19.05,309.95,0.0525,0.2432,1.0,1,2026-02-15
5,4,145,60,4.367,13.74,131.26,0.07278,0.6207,1.5,1,2026-02-15
6,5,14,90,3.933,22.88,-8.88,0.0437,7.7143,1.2,1,2026-02-15
7,6,23,40,0.5,80.0,-57.0,0.0125,3.4783,2.0,1,2026-02-15
8,7,388,20,0.667,30.0,358.0,0.03333,0.1546,3.0,1,2026-02-15
9,8,176,70,3.233,21.65,154.35,0.04619,0.3977,1.0,1,2026-02-15
10,9,298,30,0.633,47.37,250.63,0.02111,0.4027,4.0,1,2026-02-15
11,10,237,55,4.333,12.69,224.31,0.07879,0.5802,2.5,1,2026-02-15
1,1,112,150,11.467,13.08,98.92,0.07644,0.6696,0.5,2,2026-02-18
2,1,204,200,11.467,17.44,186.56,0.05733,0.4902,0.5,2,2026-02-18
3,2,265,100,10.6,9.43,255.57,0.106,0.1887,0.5,1,2026-02-18
4,3,326,80,4.133,19.35,306.65,0.05167,0.2454,1.0,1,2026-02-18
5,4,142,60,4.167,14.4,127.6,0.06944,0.6338,1.5,1,2026-02-18
6,5,11,90,4.1,21.95,-10.95,0.04556,9.8182,1.2,1,2026-02-18
7,6,20,40,0.633,63.16,-43.16,0.01583,4.0,2.0,1,2026-02-18
8,7,385,20,0.7,28.57,356.43,0.035,0.1558,3.0,1,2026-02-18
9,8,173,70,3.333,21.0,152.0,0.04762,0.4046,1.0,1,2026-02-18
10,9,295,30,0.533,56.25,238.75,0.01778,0.4068,4.0,1,2026-02-18
11,10,234,55,4.3,12.79,221.21,0.07818,0.5876,2.5,1,2026-02-18
1,1,109,150,11.767,12.75,96.25,0.07844,0.6881,0.5,2,2026-02-21
2,1,201,200,11.767,17.0,184.0,0.05883,0.4975,0.5,2,2026-02-21
3,2,262,100,10.0,10.0,252.0,0.1,0.1908,0.5,1,2026-02-21
4,3,323,80,4.133,19.35,303.65,0.05167,0.2477,1.0,1,2026-02-21
5,4,139,60,4.267,14.06,124.94,0.07111,0.6475,1.5,1,2026-02-21
6,5,8,90,4.033,22.31,-14.31,0.04481,13.5,1.2,1,2026-02-21
7,6,17,40,0.667,60.0,-43.0,0.01667,4.7059,2.0,1,2026-02-21
8,7,382,20,0.733,27.27,354.73,0.03667,0.1571,3.0,1,2026-02-21
9,8,170,70,3.067,22.83,147.17,0.04381,0.4118,1.0,1,2026-02-21
10,9,292,30,0.467,64.29,227.71,0.01556,0.411,4.0,1,2026-02-21
11,10,231,55,4.0,13.75,217.25,0.07273,0.5952,2.5,1,2026-02-21
1,1,106,150,11.133,13.47,92.53,0.07422,0.7075,0.5,2,2026-02-24
2,1,198,200,11.133,17.96,180.04,0.05567,0.5051,0.5,2,2026-02-24
3,2,259,100,10.233,9.77,249.23,0.10233,0.1931,0.5,1,2026-02-24
4,3,320,80,4.1,19.51,300.49,0.05125,0.25,1.0,1,2026-02-24
5,4,136,60,4.2,14.29,121.71,0.07,0.6618,1.5,1,2026-02-24
6,5,5,90,4.1,21.95,-16.95,0.04556,21.6,1.2,1,2026-02-24
7,6,14,40,0.6,66.67,-52.67,0.015,5.7143,2.0,1,2026-02-24
8,7,379,20,0.733,27.27,351.73,0.03667,0.1583,3.0,1,2026-02-24
9,8,167,70,2.867,24.42,142.58,0.04095,0.4192,1.0,1,2026-02-24
10,9,289,30,0.467,64.29,224.71,0.01556,0.4152,4.0,1,2026-02-24
11,10,228,55,4.267,12.89,215.11,0.07758,0.6031,2.5,1,2026-02-24
1,1,103,150,11.3,13.27,89.73,0.07533,0.7282,0.5,2,2026-02-27
2,1,195,200,11.3,17.7,177.3,0.0565,0.5128,0.5,2,2026-02-27
3,2,256,100,10.667,9.38,246.62,0.10667,0.1953,0.5,1,2026-02-27
4,3,317,80,3.9,20.51,296.49,0.04875,0.2524,1.0,1,2026-02-27
5,4,133,60,4.267,14.06,118.94,0.07111,0.6767,1.5,1,2026-02-27
6,5,2,90,4.033,22.31,-20.31,0.04481,54.0,1.2,1,2026-02-27
7,6,11,40,0.633,63.16,-52.16,0.01583,7.2727,2.0,1,2026-02-27
8,7,376,20,0.733,27.27,348.73,0.03667,0.1596,3.0,1,2026-02-27
9,8,164,70,2.933,23.86,140.14,0.0419,0.4268,1.0,1,2026-02-27
10,9,286,30,0.433,69.23,216.77,0.01444,0.4196,4.0,1,2026-02-27
11,10,225,55,4.133,13.31,211.69,0.07515,0.6111,2.5,1,2026-02-27
1,1,100,150,10.267,14.61,85.39,0.06844,0.75,0.5,2,2026-03-02
2,1,192,200,10.267,19.48,172.52,0.05133,0.5208,0.5,2,2026-03-02
3,2,253,100,9.9,10.1,242.9,0.099,0.1976,0.5,1,2026-03-02
4,3,314,80,3.767,21.24,292.76,0.04708,0.2548,1.0,1,2026-03-02
5,4,130,60,3.733,16.07,113.93,0.06222,0.6923,1.5,1,2026-03-02
6,5,-1,90,3.833,23.48,-24.48,0.04259,108.0,1.2,0,2026-03-02
7,6,8,40,0.633,63.16,-55.16,0.01583,10.0,2.0,1,2026-03-02
8,7,373,20,0.633,31.58,341.42,0.03167,0.1609,3.0,1,2026-03-02
9,8,161,70,2.9,24.14,136.86,0.04143,0.4348,1.0,1,2026-03-02
10,9,283,30,0.433,69.23,213.77,0.01444,0.424,4.0,1,2026-03-02
11,10,222,55,4.067,13.52,208.48,0.07394,0.6194,2.5,1,2026-03-02
1,1,97,150,10.567,14.2,82.8,0.07044,0.7732,0.5,2,2026-03-05
2,1,189,200,10.567,18.93,170.07,0.05283,0.5291,0.5,2,2026-03-05
3,2,250,100,10.667,9.38,240.62,0.10667,0.2,0.5,1,2026-03-05
4,3,311,80,3.767,21.24,289.76,0.04708,0.2572,1.0,1,2026-03-05
5,4,127,60,3.8,15.79,111.21,0.06333,0.7087,1.5,1,2026-03-05
6,5,-4,90,4.0,22.5,-26.5,0.04444,108.0,1.2,0,2026-03-05
7,6,5,40,0.6,66.67,-61.67,0.015,16.0,2.0,1,2026-03-05
8,7,370,20,0.467,42.86,327.14,0.02333,0.1622,3.0,1,2026-03-05
9,8,158,70,3.067,22.83,135.17,0.04381,0.443,1.0,1,2026-03-05
10,9,280,30,0.433,69.23,210.77,0.01444,0.4286,4.0,1,2026-03-05
11,10,219,55,4.1,13.41,205.59,0.07455,0.6279,2.5,1,2026-03-05
1,1,94,150,10.5,14.29,79.71,0.07,0.7979,0.5,2,2026-03-08
2,1,186,200,10.5,19.05,166.95,0.0525,0.5376,0.5,2,2026-03-08
3,2,247,100,10.3,9.71,237.29,0.103,0.2024,0.5,1,2026-03-08
4,3,308,80,3.6,22.22,285.78,0.045,0.2597,1.0,1,2026-03-08
5,4,124,60,3.567,16.82,107.18,0.05944,0.7258,1.5,1,2026-03-08
6,5,-7,90,3.833,23.48,-30.48,0.04259,108.0,1.2,0,2026-03-08
7,6,2,40,0.733,54.55,-52.55,0.01833,40.0,2.0,1,2026-03-08
8,7,367,20,0.4,50.0,317.0,0.02,0.1635,3.0,1,2026-03-08
9,8,155,70,3.133,22.34,132.66,0.04476,0.4516,1.0,1,2026-03-08
10,9,277,30,0.533,56.25,220.75,0.01778,0.4332,4.0,1,2026-03-08
11,10,216,55,4.133,13.31,202.69,0.07515,0.6366,2.5,1,2026-03-08
